dataset,seed,sigma,method,f1,acc
HAR,0,0.1,ZeroShot,0.942108,0.942974
HAR,0,0.1,LFW(ours),0.942108,0.942974
HAR,0,0.1,FFT,0.952984,0.953836
HAR,0,0.1,BitFit,0.942108,0.942974
HAR,0,0.5,ZeroShot,0.913352,0.914460
HAR,0,0.5,LFW(ours),0.913352,0.914460
HAR,0,0.5,FFT,0.927317,0.928717
HAR,0,0.5,BitFit,0.913352,0.914460
HAR,0,1.0,ZeroShot,0.857451,0.858792
HAR,0,1.0,LFW(ours),0.857451,0.858792
HAR,0,1.0,FFT,0.872011,0.875085
HAR,0,1.0,BitFit,0.857451,0.858792
HAR,1,0.1,ZeroShot,0.929760,0.930754
HAR,1,0.1,LFW(ours),0.950420,0.951120
HAR,1,0.1,FFT,0.947611,0.947726
HAR,1,0.1,BitFit,0.931784,0.932790
HAR,1,0.5,ZeroShot,0.916849,0.917855
HAR,1,0.5,LFW(ours),0.934116,0.934827
HAR,1,0.5,FFT,0.932465,0.932111
HAR,1,0.5,BitFit,0.918318,0.919212
HAR,1,1.0,ZeroShot,0.858854,0.860149
HAR,1,1.0,LFW(ours),0.866457,0.867617
HAR,1,1.0,FFT,0.883834,0.884589
HAR,1,1.0,BitFit,0.855036,0.856076
HAR,2,0.1,ZeroShot,0.937091,0.936864
HAR,2,0.1,LFW(ours),0.940619,0.940258
HAR,2,0.1,FFT,0.955769,0.955193
HAR,2,0.1,BitFit,0.937091,0.936864
HAR,2,0.5,ZeroShot,0.908421,0.908350
HAR,2,0.5,LFW(ours),0.920556,0.920570
HAR,2,0.5,FFT,0.933363,0.932790
HAR,2,0.5,BitFit,0.908421,0.908350
HAR,2,1.0,ZeroShot,0.858469,0.860149
HAR,2,1.0,LFW(ours),0.871403,0.871690
HAR,2,1.0,FFT,0.888932,0.889341
HAR,2,1.0,BitFit,0.858469,0.860149
HAR,3,0.1,ZeroShot,0.947048,0.947047
HAR,3,0.1,LFW(ours),0.947048,0.947047
HAR,3,0.1,FFT,0.951459,0.951799
HAR,3,0.1,BitFit,0.947048,0.947047
HAR,3,0.5,ZeroShot,0.926317,0.926680
HAR,3,0.5,LFW(ours),0.926317,0.926680
HAR,3,0.5,FFT,0.927976,0.928038
HAR,3,0.5,BitFit,0.926317,0.926680
HAR,3,1.0,ZeroShot,0.855396,0.856076
HAR,3,1.0,LFW(ours),0.855396,0.856076
HAR,3,1.0,FFT,0.852009,0.855397
HAR,3,1.0,BitFit,0.855396,0.856076
HAR,4,0.1,ZeroShot,0.952750,0.952478
HAR,4,0.1,LFW(ours),0.952750,0.952478
HAR,4,0.1,FFT,0.936366,0.939579
HAR,4,0.1,BitFit,0.952750,0.952478
HAR,4,0.5,ZeroShot,0.919511,0.919212
HAR,4,0.5,LFW(ours),0.919511,0.919212
HAR,4,0.5,FFT,0.909912,0.913103
HAR,4,0.5,BitFit,0.919511,0.919212
HAR,4,1.0,ZeroShot,0.872306,0.871690
HAR,4,1.0,LFW(ours),0.872306,0.871690
HAR,4,1.0,FFT,0.832657,0.836388
HAR,4,1.0,BitFit,0.872306,0.871690
Bank,0,0.1,ZeroShot,0.707794,0.842874
Bank,0,0.1,LFW(ours),0.698014,0.891268
Bank,0,0.1,FFT,0.680234,0.837034
Bank,0,0.1,BitFit,0.709439,0.848447
Bank,0,0.5,ZeroShot,0.680130,0.820402
Bank,0,0.5,LFW(ours),0.685586,0.875431
Bank,0,0.5,FFT,0.669650,0.828099
Bank,0,0.5,BitFit,0.685644,0.829868
Bank,0,1.0,ZeroShot,0.627183,0.764310
Bank,0,1.0,LFW(ours),0.636665,0.821463
Bank,0,1.0,FFT,0.644294,0.804477
Bank,0,1.0,BitFit,0.633891,0.775635
Bank,1,0.1,ZeroShot,0.704528,0.864815
Bank,1,0.1,LFW(ours),0.680375,0.884013
Bank,1,0.1,FFT,0.695142,0.877378
Bank,1,0.1,BitFit,0.705848,0.869858
Bank,1,0.5,ZeroShot,0.694736,0.856144
Bank,1,0.5,LFW(ours),0.670292,0.869327
Bank,1,0.5,FFT,0.684768,0.868619
Bank,1,0.5,BitFit,0.694703,0.859683
Bank,1,1.0,ZeroShot,0.671100,0.829337
Bank,1,1.0,LFW(ours),0.621373,0.811378
Bank,1,1.0,FFT,0.660711,0.842431
Bank,1,1.0,BitFit,0.671864,0.835177
Bank,2,0.1,ZeroShot,0.728798,0.886933
Bank,2,0.1,LFW(ours),0.735413,0.886313
Bank,2,0.1,FFT,0.687378,0.831107
Bank,2,0.1,BitFit,0.728798,0.886933
Bank,2,0.5,ZeroShot,0.701541,0.866850
Bank,2,0.5,LFW(ours),0.702981,0.864107
Bank,2,0.5,FFT,0.665693,0.811201
Bank,2,0.5,BitFit,0.701541,0.866850
Bank,2,1.0,ZeroShot,0.652758,0.818544
Bank,2,1.0,LFW(ours),0.655392,0.816067
Bank,2,1.0,FFT,0.623047,0.772538
Bank,2,1.0,BitFit,0.652758,0.818544
Bank,3,0.1,ZeroShot,0.731262,0.884279
Bank,3,0.1,LFW(ours),0.694153,0.887375
Bank,3,0.1,FFT,0.691068,0.875697
Bank,3,0.1,BitFit,0.729149,0.884455
Bank,3,0.5,ZeroShot,0.693030,0.857560
Bank,3,0.5,LFW(ours),0.668414,0.862072
Bank,3,0.5,FFT,0.676147,0.861541
Bank,3,0.5,BitFit,0.693057,0.858887
Bank,3,1.0,ZeroShot,0.637568,0.801469
Bank,3,1.0,LFW(ours),0.610302,0.796691
Bank,3,1.0,FFT,0.631734,0.815801
Bank,3,1.0,BitFit,0.639119,0.804300
Bank,4,0.1,ZeroShot,0.718771,0.877289
Bank,4,0.1,LFW(ours),0.685320,0.893480
Bank,4,0.1,FFT,0.697461,0.877112
Bank,4,0.1,BitFit,0.718771,0.877289
Bank,4,0.5,ZeroShot,0.698942,0.862337
Bank,4,0.5,LFW(ours),0.675594,0.876139
Bank,4,0.5,FFT,0.672746,0.860745
Bank,4,0.5,BitFit,0.698942,0.862337
Bank,4,1.0,ZeroShot,0.656750,0.820756
Bank,4,1.0,LFW(ours),0.632688,0.831372
Bank,4,1.0,FFT,0.637280,0.823233
Bank,4,1.0,BitFit,0.656750,0.820756
Adult,0,0.1,ZeroShot,0.783364,0.847789
Adult,0,0.1,LFW(ours),0.777950,0.849263
Adult,0,0.1,FFT,0.779443,0.850123
Adult,0,0.1,BitFit,0.781559,0.848526
Adult,0,0.5,ZeroShot,0.674369,0.780221
Adult,0,0.5,LFW(ours),0.711674,0.803071
Adult,0,0.5,FFT,0.666960,0.786609
Adult,0,0.5,BitFit,0.671721,0.780467
Adult,0,1.0,ZeroShot,0.601632,0.728133
Adult,0,1.0,LFW(ours),0.653206,0.756757
Adult,0,1.0,FFT,0.600122,0.743489
Adult,0,1.0,BitFit,0.602316,0.730590
Adult,1,0.1,ZeroShot,0.773414,0.836732
Adult,1,0.1,LFW(ours),0.780865,0.847420
Adult,1,0.1,FFT,0.769562,0.843120
Adult,1,0.1,BitFit,0.766938,0.842015
Adult,1,0.5,ZeroShot,0.602656,0.702334
Adult,1,0.5,LFW(ours),0.656148,0.756388
Adult,1,0.5,FFT,0.608857,0.721744
Adult,1,0.5,BitFit,0.608298,0.715479
Adult,1,1.0,ZeroShot,0.559601,0.666585
Adult,1,1.0,LFW(ours),0.587560,0.696683
Adult,1,1.0,FFT,0.559810,0.681450
Adult,1,1.0,BitFit,0.559240,0.670516
Adult,2,0.1,ZeroShot,0.787053,0.847420
Adult,2,0.1,LFW(ours),0.775401,0.851720
Adult,2,0.1,FFT,0.779623,0.850860
Adult,2,0.1,BitFit,0.779079,0.850369
Adult,2,0.5,ZeroShot,0.672060,0.784152
Adult,2,0.5,LFW(ours),0.690187,0.801720
Adult,2,0.5,FFT,0.668532,0.790909
Adult,2,0.5,BitFit,0.670396,0.790418
Adult,2,1.0,ZeroShot,0.592453,0.736241
Adult,2,1.0,LFW(ours),0.611712,0.746560
Adult,2,1.0,FFT,0.584803,0.741646
Adult,2,1.0,BitFit,0.587806,0.738698
Adult,3,0.1,ZeroShot,0.786625,0.853440
Adult,3,0.1,LFW(ours),0.783601,0.847174
Adult,3,0.1,FFT,0.785760,0.851351
Adult,3,0.1,BitFit,0.786625,0.853440
Adult,3,0.5,ZeroShot,0.652310,0.757862
Adult,3,0.5,LFW(ours),0.695776,0.778747
Adult,3,0.5,FFT,0.654195,0.757125
Adult,3,0.5,BitFit,0.652310,0.757862
Adult,3,1.0,ZeroShot,0.582803,0.699386
Adult,3,1.0,LFW(ours),0.623975,0.718305
Adult,3,1.0,FFT,0.579336,0.697052
Adult,3,1.0,BitFit,0.582803,0.699386
Adult,4,0.1,ZeroShot,0.786452,0.842629
Adult,4,0.1,LFW(ours),0.783353,0.848771
Adult,4,0.1,FFT,0.782599,0.847543
Adult,4,0.1,BitFit,0.782699,0.843366
Adult,4,0.5,ZeroShot,0.677089,0.779853
Adult,4,0.5,LFW(ours),0.689793,0.794226
Adult,4,0.5,FFT,0.669023,0.787346
Adult,4,0.5,BitFit,0.673924,0.781204
Adult,4,1.0,ZeroShot,0.600263,0.736609
Adult,4,1.0,LFW(ours),0.610858,0.745946
Adult,4,1.0,FFT,0.590426,0.745455
Adult,4,1.0,BitFit,0.600441,0.739435
Satimage,0,0.1,ZeroShot,0.846802,0.872744
Satimage,0,0.1,LFW(ours),0.848804,0.877256
Satimage,0,0.1,FFT,0.841876,0.869134
Satimage,0,0.1,BitFit,0.846802,0.872744
Satimage,0,0.5,ZeroShot,0.799876,0.830325
Satimage,0,0.5,LFW(ours),0.791232,0.824007
Satimage,0,0.5,FFT,0.761969,0.803249
Satimage,0,0.5,BitFit,0.799876,0.830325
Satimage,0,1.0,ZeroShot,0.640164,0.665162
Satimage,0,1.0,LFW(ours),0.634054,0.661552
Satimage,0,1.0,FFT,0.614561,0.650722
Satimage,0,1.0,BitFit,0.640164,0.665162
Satimage,1,0.1,ZeroShot,0.839856,0.874549
Satimage,1,0.1,LFW(ours),0.847296,0.875451
Satimage,1,0.1,FFT,0.836173,0.863718
Satimage,1,0.1,BitFit,0.838876,0.873646
Satimage,1,0.5,ZeroShot,0.773853,0.809567
Satimage,1,0.5,LFW(ours),0.765339,0.795126
Satimage,1,0.5,FFT,0.733754,0.761733
Satimage,1,0.5,BitFit,0.773930,0.808664
Satimage,1,1.0,ZeroShot,0.611641,0.636282
Satimage,1,1.0,LFW(ours),0.592747,0.613718
Satimage,1,1.0,FFT,0.568065,0.591155
Satimage,1,1.0,BitFit,0.610503,0.635379
Satimage,2,0.1,ZeroShot,0.841514,0.872744
Satimage,2,0.1,LFW(ours),0.838544,0.873646
Satimage,2,0.1,FFT,0.830991,0.865523
Satimage,2,0.1,BitFit,0.841514,0.872744
Satimage,2,0.5,ZeroShot,0.778086,0.817690
Satimage,2,0.5,LFW(ours),0.759317,0.797834
Satimage,2,0.5,FFT,0.750371,0.785199
Satimage,2,0.5,BitFit,0.778086,0.817690
Satimage,2,1.0,ZeroShot,0.639997,0.668773
Satimage,2,1.0,LFW(ours),0.614700,0.643502
Satimage,2,1.0,FFT,0.604744,0.625451
Satimage,2,1.0,BitFit,0.639997,0.668773
Satimage,3,0.1,ZeroShot,0.854729,0.877256
Satimage,3,0.1,LFW(ours),0.854729,0.877256
Satimage,3,0.1,FFT,0.854368,0.881769
Satimage,3,0.1,BitFit,0.854729,0.877256
Satimage,3,0.5,ZeroShot,0.772574,0.789711
Satimage,3,0.5,LFW(ours),0.772574,0.789711
Satimage,3,0.5,FFT,0.788860,0.816787
Satimage,3,0.5,BitFit,0.772574,0.789711
Satimage,3,1.0,ZeroShot,0.598380,0.607401
Satimage,3,1.0,LFW(ours),0.598380,0.607401
Satimage,3,1.0,FFT,0.624295,0.643502
Satimage,3,1.0,BitFit,0.598380,0.607401
Satimage,4,0.1,ZeroShot,0.832394,0.861011
Satimage,4,0.1,LFW(ours),0.832394,0.861011
Satimage,4,0.1,FFT,0.837971,0.870036
Satimage,4,0.1,BitFit,0.832394,0.861011
Satimage,4,0.5,ZeroShot,0.768869,0.808664
Satimage,4,0.5,LFW(ours),0.768869,0.808664
Satimage,4,0.5,FFT,0.759705,0.798736
Satimage,4,0.5,BitFit,0.768869,0.808664
Satimage,4,1.0,ZeroShot,0.653397,0.674188
Satimage,4,1.0,LFW(ours),0.653397,0.674188
Satimage,4,1.0,FFT,0.623024,0.648014
Satimage,4,1.0,BitFit,0.653397,0.674188
Digits,0,0.1,ZeroShot,0.949721,0.951002
Digits,0,0.1,LFW(ours),0.938486,0.939866
Digits,0,0.1,FFT,0.945488,0.946548
Digits,0,0.1,BitFit,0.949721,0.951002
Digits,0,0.5,ZeroShot,0.933424,0.935412
Digits,0,0.5,LFW(ours),0.922603,0.924276
Digits,0,0.5,FFT,0.934524,0.935412
Digits,0,0.5,BitFit,0.933424,0.935412
Digits,0,1.0,ZeroShot,0.776430,0.777283
Digits,0,1.0,LFW(ours),0.771456,0.772829
Digits,0,1.0,FFT,0.758147,0.759465
Digits,0,1.0,BitFit,0.776430,0.777283
Digits,1,0.1,ZeroShot,0.961398,0.962138
Digits,1,0.1,LFW(ours),0.961398,0.962138
Digits,1,0.1,FFT,0.959166,0.959911
Digits,1,0.1,BitFit,0.961398,0.962138
Digits,1,0.5,ZeroShot,0.939278,0.939866
Digits,1,0.5,LFW(ours),0.939278,0.939866
Digits,1,0.5,FFT,0.918881,0.919822
Digits,1,0.5,BitFit,0.939278,0.939866
Digits,1,1.0,ZeroShot,0.784448,0.781737
Digits,1,1.0,LFW(ours),0.784448,0.781737
Digits,1,1.0,FFT,0.783530,0.781737
Digits,1,1.0,BitFit,0.784448,0.781737
Digits,2,0.1,ZeroShot,0.959319,0.959911
Digits,2,0.1,LFW(ours),0.959319,0.959911
Digits,2,0.1,FFT,0.966022,0.966592
Digits,2,0.1,BitFit,0.959319,0.959911
Digits,2,0.5,ZeroShot,0.929441,0.930958
Digits,2,0.5,LFW(ours),0.929441,0.930958
Digits,2,0.5,FFT,0.931651,0.933185
Digits,2,0.5,BitFit,0.929441,0.930958
Digits,2,1.0,ZeroShot,0.792306,0.792873
Digits,2,1.0,LFW(ours),0.792306,0.792873
Digits,2,1.0,FFT,0.785817,0.783964
Digits,2,1.0,BitFit,0.792306,0.792873
Digits,3,0.1,ZeroShot,0.968122,0.968820
Digits,3,0.1,LFW(ours),0.968122,0.968820
Digits,3,0.1,FFT,0.970001,0.971047
Digits,3,0.1,BitFit,0.968122,0.968820
Digits,3,0.5,ZeroShot,0.912309,0.913140
Digits,3,0.5,LFW(ours),0.912309,0.913140
Digits,3,0.5,FFT,0.909658,0.910913
Digits,3,0.5,BitFit,0.912309,0.913140
Digits,3,1.0,ZeroShot,0.776979,0.777283
Digits,3,1.0,LFW(ours),0.776979,0.777283
Digits,3,1.0,FFT,0.785086,0.786192
Digits,3,1.0,BitFit,0.776979,0.777283
Digits,4,0.1,ZeroShot,0.963161,0.964365
Digits,4,0.1,LFW(ours),0.963161,0.964365
Digits,4,0.1,FFT,0.968065,0.968820
Digits,4,0.1,BitFit,0.963161,0.964365
Digits,4,0.5,ZeroShot,0.930006,0.930958
Digits,4,0.5,LFW(ours),0.930006,0.930958
Digits,4,0.5,FFT,0.930013,0.930958
Digits,4,0.5,BitFit,0.930006,0.930958
Digits,4,1.0,ZeroShot,0.787981,0.788419
Digits,4,1.0,LFW(ours),0.787981,0.788419
Digits,4,1.0,FFT,0.807828,0.810690
Digits,4,1.0,BitFit,0.787981,0.788419
Spambase,0,0.1,ZeroShot,0.942096,0.945217
Spambase,0,0.1,LFW(ours),0.942096,0.945217
Spambase,0,0.1,FFT,0.943039,0.946087
Spambase,0,0.1,BitFit,0.942096,0.945217
Spambase,0,0.5,ZeroShot,0.855405,0.864348
Spambase,0,0.5,LFW(ours),0.855405,0.864348
Spambase,0,0.5,FFT,0.853685,0.862609
Spambase,0,0.5,BitFit,0.855405,0.864348
Spambase,0,1.0,ZeroShot,0.766735,0.784348
Spambase,0,1.0,LFW(ours),0.766735,0.784348
Spambase,0,1.0,FFT,0.766155,0.783478
Spambase,0,1.0,BitFit,0.766735,0.784348
Spambase,1,0.1,ZeroShot,0.920786,0.925217
Spambase,1,0.1,LFW(ours),0.920786,0.925217
Spambase,1,0.1,FFT,0.916882,0.921739
Spambase,1,0.1,BitFit,0.920786,0.925217
Spambase,1,0.5,ZeroShot,0.849280,0.859130
Spambase,1,0.5,LFW(ours),0.849280,0.859130
Spambase,1,0.5,FFT,0.846371,0.857391
Spambase,1,0.5,BitFit,0.849280,0.859130
Spambase,1,1.0,ZeroShot,0.769912,0.786957
Spambase,1,1.0,LFW(ours),0.769912,0.786957
Spambase,1,1.0,FFT,0.770232,0.790435
Spambase,1,1.0,BitFit,0.769912,0.786957
Spambase,2,0.1,ZeroShot,0.942338,0.945217
Spambase,2,0.1,LFW(ours),0.928092,0.932174
Spambase,2,0.1,FFT,0.935068,0.938261
Spambase,2,0.1,BitFit,0.942338,0.945217
Spambase,2,0.5,ZeroShot,0.851052,0.858261
Spambase,2,0.5,LFW(ours),0.840143,0.848696
Spambase,2,0.5,FFT,0.859332,0.866087
Spambase,2,0.5,BitFit,0.851052,0.858261
Spambase,2,1.0,ZeroShot,0.753784,0.766957
Spambase,2,1.0,LFW(ours),0.760045,0.774783
Spambase,2,1.0,FFT,0.759048,0.770435
Spambase,2,1.0,BitFit,0.753784,0.766957
Spambase,3,0.1,ZeroShot,0.924511,0.927826
Spambase,3,0.1,LFW(ours),0.926386,0.929565
Spambase,3,0.1,FFT,0.926496,0.929565
Spambase,3,0.1,BitFit,0.924511,0.927826
Spambase,3,0.5,ZeroShot,0.848217,0.856522
Spambase,3,0.5,LFW(ours),0.822509,0.831304
Spambase,3,0.5,FFT,0.851289,0.858261
Spambase,3,0.5,BitFit,0.848217,0.856522
Spambase,3,1.0,ZeroShot,0.779418,0.790435
Spambase,3,1.0,LFW(ours),0.752364,0.765217
Spambase,3,1.0,FFT,0.787094,0.796522
Spambase,3,1.0,BitFit,0.779418,0.790435
Spambase,4,0.1,ZeroShot,0.942613,0.945217
Spambase,4,0.1,LFW(ours),0.942613,0.945217
Spambase,4,0.1,FFT,0.945061,0.947826
Spambase,4,0.1,BitFit,0.942613,0.945217
Spambase,4,0.5,ZeroShot,0.848964,0.855652
Spambase,4,0.5,LFW(ours),0.848964,0.855652
Spambase,4,0.5,FFT,0.846110,0.854783
Spambase,4,0.5,BitFit,0.848964,0.855652
Spambase,4,1.0,ZeroShot,0.752618,0.769565
Spambase,4,1.0,LFW(ours),0.752618,0.769565
Spambase,4,1.0,FFT,0.752793,0.772174
Spambase,4,1.0,BitFit,0.752618,0.769565
Credit-g,0,0.1,ZeroShot,0.544290,0.704000
Credit-g,0,0.1,LFW(ours),0.503968,0.600000
Credit-g,0,0.1,FFT,0.454288,0.692000
Credit-g,0,0.1,BitFit,0.544290,0.704000
Credit-g,0,0.5,ZeroShot,0.538656,0.696000
Credit-g,0,0.5,LFW(ours),0.478958,0.564000
Credit-g,0,0.5,FFT,0.462158,0.688000
Credit-g,0,0.5,BitFit,0.538656,0.696000
Credit-g,0,1.0,ZeroShot,0.489664,0.652000
Credit-g,0,1.0,LFW(ours),0.539312,0.616000
Credit-g,0,1.0,FFT,0.491427,0.692000
Credit-g,0,1.0,BitFit,0.489664,0.652000
Credit-g,1,0.1,ZeroShot,0.406176,0.684000
Credit-g,1,0.1,LFW(ours),0.500000,0.680000
Credit-g,1,0.1,FFT,0.509913,0.684000
Credit-g,1,0.1,BitFit,0.406176,0.684000
Credit-g,1,0.5,ZeroShot,0.406176,0.684000
Credit-g,1,0.5,LFW(ours),0.507341,0.680000
Credit-g,1,0.5,FFT,0.504781,0.676000
Credit-g,1,0.5,BitFit,0.406176,0.684000
Credit-g,1,1.0,ZeroShot,0.406176,0.684000
Credit-g,1,1.0,LFW(ours),0.521119,0.680000
Credit-g,1,1.0,FFT,0.525333,0.644000
Credit-g,1,1.0,BitFit,0.406176,0.684000
Credit-g,2,0.1,ZeroShot,0.453566,0.484000
Credit-g,2,0.1,LFW(ours),0.510519,0.592000
Credit-g,2,0.1,FFT,0.440537,0.664000
Credit-g,2,0.1,BitFit,0.495238,0.576000
Credit-g,2,0.5,ZeroShot,0.473209,0.496000
Credit-g,2,0.5,LFW(ours),0.458411,0.524000
Credit-g,2,0.5,FFT,0.426805,0.604000
Credit-g,2,0.5,BitFit,0.465034,0.524000
Credit-g,2,1.0,ZeroShot,0.451791,0.472000
Credit-g,2,1.0,LFW(ours),0.444205,0.504000
Credit-g,2,1.0,FFT,0.433913,0.580000
Credit-g,2,1.0,BitFit,0.450294,0.508000
Credit-g,3,0.1,ZeroShot,0.416501,0.680000
Credit-g,3,0.1,LFW(ours),0.537703,0.568000
Credit-g,3,0.1,FFT,0.494099,0.500000
Credit-g,3,0.1,BitFit,0.416501,0.680000
Credit-g,3,0.5,ZeroShot,0.416501,0.680000
Credit-g,3,0.5,LFW(ours),0.529812,0.556000
Credit-g,3,0.5,FFT,0.488636,0.496000
Credit-g,3,0.5,BitFit,0.416501,0.680000
Credit-g,3,1.0,ZeroShot,0.469357,0.684000
Credit-g,3,1.0,LFW(ours),0.561918,0.588000
Credit-g,3,1.0,FFT,0.477959,0.492000
Credit-g,3,1.0,BitFit,0.469357,0.684000
Credit-g,4,0.1,ZeroShot,0.406176,0.684000
Credit-g,4,0.1,LFW(ours),0.466908,0.572000
Credit-g,4,0.1,FFT,0.406176,0.684000
Credit-g,4,0.1,BitFit,0.406176,0.684000
Credit-g,4,0.5,ZeroShot,0.406176,0.684000
Credit-g,4,0.5,LFW(ours),0.492268,0.596000
Credit-g,4,0.5,FFT,0.425939,0.676000
Credit-g,4,0.5,BitFit,0.406176,0.684000
Credit-g,4,1.0,ZeroShot,0.406176,0.684000
Credit-g,4,1.0,LFW(ours),0.462531,0.552000
Credit-g,4,1.0,FFT,0.480499,0.688000
Credit-g,4,1.0,BitFit,0.406176,0.684000
WDBC,0,0.1,ZeroShot,0.962940,0.965035
WDBC,0,0.1,LFW(ours),0.962940,0.965035
WDBC,0,0.1,FFT,0.962940,0.965035
WDBC,0,0.1,BitFit,0.962940,0.965035
WDBC,0,0.5,ZeroShot,0.932281,0.937063
WDBC,0,0.5,LFW(ours),0.932281,0.937063
WDBC,0,0.5,FFT,0.947330,0.951049
WDBC,0,0.5,BitFit,0.932281,0.937063
WDBC,0,1.0,ZeroShot,0.874852,0.881119
WDBC,0,1.0,LFW(ours),0.874852,0.881119
WDBC,0,1.0,FFT,0.888820,0.895105
WDBC,0,1.0,BitFit,0.874852,0.881119
WDBC,1,0.1,ZeroShot,0.853238,0.867133
WDBC,1,0.1,LFW(ours),0.853238,0.867133
WDBC,1,0.1,FFT,0.892366,0.902098
WDBC,1,0.1,BitFit,0.853238,0.867133
WDBC,1,0.5,ZeroShot,0.766300,0.797203
WDBC,1,0.5,LFW(ours),0.766300,0.797203
WDBC,1,0.5,FFT,0.800825,0.825175
WDBC,1,0.5,BitFit,0.766300,0.797203
WDBC,1,1.0,ZeroShot,0.791444,0.811189
WDBC,1,1.0,LFW(ours),0.791444,0.811189
WDBC,1,1.0,FFT,0.823976,0.839161
WDBC,1,1.0,BitFit,0.791444,0.811189
WDBC,2,0.1,ZeroShot,0.904906,0.909091
WDBC,2,0.1,LFW(ours),0.904906,0.909091
WDBC,2,0.1,FFT,0.895073,0.902098
WDBC,2,0.1,BitFit,0.904906,0.909091
WDBC,2,0.5,ZeroShot,0.887135,0.895105
WDBC,2,0.5,LFW(ours),0.887135,0.895105
WDBC,2,0.5,FFT,0.892366,0.902098
WDBC,2,0.5,BitFit,0.887135,0.895105
WDBC,2,1.0,ZeroShot,0.823976,0.839161
WDBC,2,1.0,LFW(ours),0.823976,0.839161
WDBC,2,1.0,FFT,0.844768,0.860140
WDBC,2,1.0,BitFit,0.823976,0.839161
WDBC,3,0.1,ZeroShot,0.939560,0.944056
WDBC,3,0.1,LFW(ours),0.939560,0.944056
WDBC,3,0.1,FFT,0.955031,0.958042
WDBC,3,0.1,BitFit,0.939560,0.944056
WDBC,3,0.5,ZeroShot,0.854141,0.860140
WDBC,3,0.5,LFW(ours),0.854141,0.860140
WDBC,3,0.5,FFT,0.903644,0.909091
WDBC,3,0.5,BitFit,0.854141,0.860140
WDBC,3,1.0,ZeroShot,0.798413,0.811189
WDBC,3,1.0,LFW(ours),0.798413,0.811189
WDBC,3,1.0,FFT,0.860129,0.867133
WDBC,3,1.0,BitFit,0.798413,0.811189
WDBC,4,0.1,ZeroShot,0.933292,0.937063
WDBC,4,0.1,LFW(ours),0.933292,0.937063
WDBC,4,0.1,FFT,0.947737,0.951049
WDBC,4,0.1,BitFit,0.933292,0.937063
WDBC,4,0.5,ZeroShot,0.925614,0.930070
WDBC,4,0.5,LFW(ours),0.925614,0.930070
WDBC,4,0.5,FFT,0.925614,0.930070
WDBC,4,0.5,BitFit,0.925614,0.930070
WDBC,4,1.0,ZeroShot,0.925614,0.930070
WDBC,4,1.0,LFW(ours),0.925614,0.930070
WDBC,4,1.0,FFT,0.917872,0.923077
WDBC,4,1.0,BitFit,0.925614,0.930070
Heart,0,0.1,ZeroShot,0.807246,0.815789
Heart,0,0.1,LFW(ours),0.807246,0.815789
Heart,0,0.1,FFT,0.817544,0.828947
Heart,0,0.1,BitFit,0.807246,0.815789
Heart,0,0.5,ZeroShot,0.757102,0.763158
Heart,0,0.5,LFW(ours),0.757102,0.763158
Heart,0,0.5,FFT,0.776963,0.789474
Heart,0,0.5,BitFit,0.757102,0.763158
Heart,0,1.0,ZeroShot,0.703125,0.710526
Heart,0,1.0,LFW(ours),0.703125,0.710526
Heart,0,1.0,FFT,0.736833,0.750000
Heart,0,1.0,BitFit,0.703125,0.710526
Heart,1,0.1,ZeroShot,0.822014,0.828947
Heart,1,0.1,LFW(ours),0.822014,0.828947
Heart,1,0.1,FFT,0.822014,0.828947
Heart,1,0.1,BitFit,0.822014,0.828947
Heart,1,0.5,ZeroShot,0.794632,0.802632
Heart,1,0.5,LFW(ours),0.794632,0.802632
Heart,1,0.5,FFT,0.794632,0.802632
Heart,1,0.5,BitFit,0.794632,0.802632
Heart,1,1.0,ZeroShot,0.724638,0.736842
Heart,1,1.0,LFW(ours),0.724638,0.736842
Heart,1,1.0,FFT,0.754839,0.763158
Heart,1,1.0,BitFit,0.724638,0.736842
Heart,2,0.1,ZeroShot,0.757102,0.763158
Heart,2,0.1,LFW(ours),0.771530,0.776316
Heart,2,0.1,FFT,0.784091,0.789474
Heart,2,0.1,BitFit,0.757102,0.763158
Heart,2,0.5,ZeroShot,0.637135,0.644737
Heart,2,0.5,LFW(ours),0.661138,0.671053
Heart,2,0.5,FFT,0.688247,0.697368
Heart,2,0.5,BitFit,0.637135,0.644737
Heart,2,1.0,ZeroShot,0.609685,0.631579
Heart,2,1.0,LFW(ours),0.632440,0.657895
Heart,2,1.0,FFT,0.685102,0.697368
Heart,2,1.0,BitFit,0.609685,0.631579
Heart,3,0.1,ZeroShot,0.697316,0.697368
Heart,3,0.1,LFW(ours),0.697316,0.697368
Heart,3,0.1,FFT,0.715356,0.723684
Heart,3,0.1,BitFit,0.697316,0.697368
Heart,3,0.5,ZeroShot,0.749957,0.750000
Heart,3,0.5,LFW(ours),0.749957,0.750000
Heart,3,0.5,FFT,0.715356,0.723684
Heart,3,0.5,BitFit,0.749957,0.750000
Heart,3,1.0,ZeroShot,0.627451,0.631579
Heart,3,1.0,LFW(ours),0.627451,0.631579
Heart,3,1.0,FFT,0.666374,0.671053
Heart,3,1.0,BitFit,0.627451,0.631579
Heart,4,0.1,ZeroShot,0.665444,0.684211
Heart,4,0.1,LFW(ours),0.665444,0.684211
Heart,4,0.1,FFT,0.669623,0.671053
Heart,4,0.1,BitFit,0.665444,0.684211
Heart,4,0.5,ZeroShot,0.590769,0.631579
Heart,4,0.5,LFW(ours),0.590769,0.631579
Heart,4,0.5,FFT,0.732206,0.736842
Heart,4,0.5,BitFit,0.590769,0.631579
Heart,4,1.0,ZeroShot,0.590769,0.631579
Heart,4,1.0,LFW(ours),0.590769,0.631579
Heart,4,1.0,FFT,0.579811,0.592105
Heart,4,1.0,BitFit,0.590769,0.631579
