dataset,seed,frac,method,acc,precision,recall,f1,n_tuned,train_time_s,infer_ms
USPS,0,1,ZeroShot,0.2003,0.7587,0.2255,0.2096,0,0.0,0.5319
USPS,0,0.05,LinearProbe,0.8989,0.8910,0.8897,0.8891,1290,2.26,0.5009
USPS,0,0.05,BitFit,0.9163,0.9114,0.9124,0.9100,8714,4.97,0.5028
USPS,0,0.05,SSF,0.9352,0.9327,0.9301,0.9308,1792,5.79,0.5364
USPS,0,0.05,Adapter,0.9397,0.9349,0.9339,0.9335,25440,3.01,0.5430
USPS,0,0.05,LoRA,0.9472,0.9448,0.9432,0.9437,49704,7.23,0.8067
USPS,0,0.05,LFW(ours),0.8914,0.8887,0.8826,0.8826,3072,5.42,0.5232
USPS,0,0.05,FFT,0.9517,0.9488,0.9482,0.9482,1218186,6.77,0.5104
USPS,0,0.1,LinearProbe,0.9153,0.9100,0.9080,0.9080,1290,6.27,0.5154
USPS,0,0.1,BitFit,0.9412,0.9349,0.9389,0.9361,8714,12.10,0.5015
USPS,0,0.1,SSF,0.9472,0.9445,0.9430,0.9434,1792,11.78,0.5664
USPS,0,0.1,Adapter,0.9537,0.9485,0.9536,0.9509,25440,7.92,0.5572
USPS,0,0.1,LoRA,0.9492,0.9447,0.9470,0.9454,49704,8.05,0.7858
USPS,0,0.1,LFW(ours),0.8724,0.8817,0.8622,0.8626,3072,5.55,0.5165
USPS,0,0.1,FFT,0.9547,0.9516,0.9526,0.9518,1218186,10.18,0.5123
USPS,0,0.2,LinearProbe,0.9153,0.9098,0.9089,0.9082,1290,9.64,0.5153
USPS,0,0.2,BitFit,0.9397,0.9339,0.9364,0.9345,8714,14.24,0.5067
USPS,0,0.2,SSF,0.9547,0.9515,0.9516,0.9514,1792,31.79,0.6925
USPS,0,0.2,Adapter,0.9382,0.9322,0.9327,0.9317,25440,10.76,0.6962
USPS,0,0.2,LoRA,0.9497,0.9498,0.9456,0.9473,49704,31.89,0.9860
USPS,0,0.2,LFW(ours),0.9228,0.9188,0.9172,0.9160,3072,32.92,0.6291
USPS,0,0.2,FFT,0.9591,0.9546,0.9576,0.9559,1218186,20.40,0.6566
USPS,0,0.5,LinearProbe,0.9292,0.9232,0.9269,0.9243,1290,40.84,0.5061
USPS,0,0.5,BitFit,0.9571,0.9521,0.9551,0.9534,8714,73.48,0.4776
USPS,0,0.5,SSF,0.9537,0.9500,0.9506,0.9503,1792,32.05,0.5019
USPS,0,0.5,Adapter,0.9547,0.9513,0.9523,0.9515,25440,27.76,0.5149
USPS,0,0.5,LoRA,0.9646,0.9636,0.9628,0.9631,49704,46.83,0.7339
USPS,0,0.5,LFW(ours),0.9203,0.9126,0.9144,0.9122,3072,73.92,0.5019
USPS,0,0.5,FFT,0.9646,0.9618,0.9632,0.9623,1218186,111.51,0.5312
USPS,0,1,LinearProbe,0.9337,0.9325,0.9282,0.9299,1290,99.61,0.6434
USPS,0,1,BitFit,0.9631,0.9596,0.9606,0.9601,8714,135.03,0.5076
USPS,0,1,SSF,0.9636,0.9628,0.9613,0.9619,1792,171.28,0.5401
USPS,0,1,Adapter,0.9631,0.9591,0.9614,0.9601,25440,126.10,0.6100
USPS,0,1,LoRA,0.9666,0.9651,0.9648,0.9647,49704,147.95,0.9607
USPS,0,1,LFW(ours),0.9382,0.9333,0.9337,0.9326,3072,120.20,0.6534
USPS,0,1,FFT,0.9681,0.9675,0.9659,0.9665,1218186,90.84,0.5339
USPS,1,1,ZeroShot,0.2417,0.5428,0.2480,0.2411,0,0.0,0.5263
USPS,1,0.05,LinearProbe,0.8959,0.8911,0.8847,0.8861,1290,2.82,0.5011
USPS,1,0.05,BitFit,0.8969,0.8974,0.8851,0.8826,8714,3.90,0.5022
USPS,1,0.05,SSF,0.9367,0.9356,0.9309,0.9327,1792,6.82,0.5339
USPS,1,0.05,Adapter,0.9243,0.9221,0.9159,0.9170,25440,3.05,0.5407
USPS,1,0.05,LoRA,0.9407,0.9358,0.9348,0.9349,49704,6.40,0.7725
USPS,1,0.05,LFW(ours),0.8580,0.8675,0.8465,0.8517,3072,4.12,0.5175
USPS,1,0.05,FFT,0.9457,0.9426,0.9414,0.9417,1218186,5.76,0.5097
USPS,1,0.1,LinearProbe,0.9173,0.9139,0.9104,0.9113,1290,9.05,0.5055
USPS,1,0.1,BitFit,0.9372,0.9347,0.9319,0.9331,8714,9.74,0.5105
USPS,1,0.1,SSF,0.9427,0.9419,0.9375,0.9390,1792,10.81,0.5331
USPS,1,0.1,Adapter,0.9462,0.9432,0.9416,0.9421,25440,8.69,0.5861
USPS,1,0.1,LoRA,0.9462,0.9396,0.9439,0.9414,49704,8.09,0.7948
USPS,1,0.1,LFW(ours),0.9038,0.9047,0.8968,0.8976,3072,10.27,0.5535
USPS,1,0.1,FFT,0.9527,0.9489,0.9490,0.9487,1218186,9.48,0.5110
USPS,1,0.2,LinearProbe,0.9357,0.9306,0.9298,0.9301,1290,17.04,0.5133
USPS,1,0.2,BitFit,0.9477,0.9447,0.9437,0.9441,8714,26.23,0.5140
USPS,1,0.2,SSF,0.9472,0.9423,0.9444,0.9428,1792,22.11,0.5318
USPS,1,0.2,Adapter,0.9562,0.9528,0.9527,0.9524,25440,9.29,0.5559
USPS,1,0.2,LoRA,0.9581,0.9545,0.9553,0.9548,49704,19.70,1.0285
USPS,1,0.2,LFW(ours),0.9213,0.9194,0.9166,0.9163,3072,34.70,0.6202
USPS,1,0.2,FFT,0.9557,0.9517,0.9538,0.9526,1218186,17.98,0.5102
USPS,1,0.5,LinearProbe,0.9382,0.9326,0.9324,0.9321,1290,39.39,0.5013
USPS,1,0.5,BitFit,0.9552,0.9518,0.9535,0.9524,8714,86.90,0.5174
USPS,1,0.5,SSF,0.9527,0.9481,0.9512,0.9494,1792,66.07,0.5391
USPS,1,0.5,Adapter,0.9576,0.9542,0.9542,0.9540,25440,36.12,0.5562
USPS,1,0.5,LoRA,0.9616,0.9568,0.9607,0.9586,49704,65.16,0.7791
USPS,1,0.5,LFW(ours),0.9382,0.9351,0.9334,0.9337,3072,54.26,0.6510
USPS,1,0.5,FFT,0.9611,0.9575,0.9588,0.9580,1218186,48.42,0.6492
USPS,1,1,LinearProbe,0.9467,0.9423,0.9422,0.9422,1290,84.66,0.7137
USPS,1,1,BitFit,0.9631,0.9601,0.9603,0.9600,8714,226.13,0.6609
USPS,1,1,SSF,0.9641,0.9607,0.9628,0.9616,1792,222.43,0.5377
USPS,1,1,Adapter,0.9562,0.9541,0.9524,0.9531,25440,91.76,0.5574
USPS,1,1,LoRA,0.9626,0.9602,0.9602,0.9600,49704,110.35,0.7785
USPS,1,1,LFW(ours),0.9322,0.9293,0.9268,0.9272,3072,48.72,0.5139
USPS,1,1,FFT,0.9691,0.9661,0.9676,0.9667,1218186,197.98,0.5101
USPS,2,1,ZeroShot,0.3064,0.6649,0.3362,0.3158,0,0.0,0.5090
USPS,2,0.05,LinearProbe,0.8974,0.8939,0.8870,0.8892,1290,2.10,0.5263
USPS,2,0.05,BitFit,0.9168,0.9209,0.9083,0.9115,8714,5.53,0.7422
USPS,2,0.05,SSF,0.8999,0.9025,0.8876,0.8905,1792,5.36,0.5495
USPS,2,0.05,Adapter,0.9287,0.9276,0.9214,0.9224,25440,4.09,0.5669
USPS,2,0.05,LoRA,0.9412,0.9397,0.9380,0.9379,49704,4.94,0.7726
USPS,2,0.05,LFW(ours),0.8321,0.8566,0.8174,0.8200,3072,3.13,0.5100
USPS,2,0.05,FFT,0.9347,0.9361,0.9278,0.9309,1218186,4.49,0.5185
USPS,2,0.1,LinearProbe,0.9113,0.9043,0.9044,0.9035,1290,4.27,0.5000
USPS,2,0.1,BitFit,0.9447,0.9429,0.9407,0.9415,8714,10.47,0.5069
USPS,2,0.1,SSF,0.9472,0.9442,0.9445,0.9438,1792,10.23,0.5402
USPS,2,0.1,Adapter,0.9452,0.9414,0.9440,0.9421,25440,6.68,0.5470
USPS,2,0.1,LoRA,0.9522,0.9490,0.9498,0.9491,49704,11.32,0.7865
USPS,2,0.1,LFW(ours),0.9028,0.9027,0.8950,0.8963,3072,8.31,0.5396
USPS,2,0.1,FFT,0.9038,0.9069,0.8924,0.8965,1218186,5.96,0.5076
USPS,2,0.2,LinearProbe,0.9268,0.9188,0.9220,0.9202,1290,16.83,0.5200
USPS,2,0.2,BitFit,0.9497,0.9470,0.9466,0.9463,8714,15.65,0.5090
USPS,2,0.2,SSF,0.9547,0.9509,0.9529,0.9516,1792,19.30,0.5403
USPS,2,0.2,Adapter,0.9507,0.9471,0.9488,0.9471,25440,10.81,0.5606
USPS,2,0.2,LoRA,0.9586,0.9556,0.9574,0.9562,49704,20.11,0.7726
USPS,2,0.2,LFW(ours),0.9183,0.9151,0.9124,0.9119,3072,12.06,0.5234
USPS,2,0.2,FFT,0.9606,0.9576,0.9599,0.9586,1218186,15.39,0.4972
USPS,2,0.5,LinearProbe,0.9283,0.9214,0.9215,0.9209,1290,17.15,0.7141
USPS,2,0.5,BitFit,0.9656,0.9642,0.9636,0.9637,8714,115.61,0.4987
USPS,2,0.5,SSF,0.9586,0.9555,0.9564,0.9558,1792,32.18,0.6927
USPS,2,0.5,Adapter,0.9626,0.9586,0.9610,0.9597,25440,60.18,0.7279
USPS,2,0.5,LoRA,0.9641,0.9614,0.9622,0.9616,49704,104.55,0.7223
USPS,2,0.5,LFW(ours),0.9337,0.9297,0.9286,0.9281,3072,34.99,0.6732
USPS,2,0.5,FFT,0.9641,0.9604,0.9625,0.9614,1218186,66.41,0.6870
USPS,2,1,LinearProbe,0.9327,0.9264,0.9297,0.9275,1290,67.77,0.6654
USPS,2,1,BitFit,0.9656,0.9640,0.9638,0.9637,8714,211.86,0.6852
USPS,2,1,SSF,0.9666,0.9625,0.9663,0.9641,1792,109.40,0.7070
USPS,2,1,Adapter,0.9601,0.9569,0.9581,0.9573,25440,89.45,0.6132
USPS,2,1,LoRA,0.9636,0.9616,0.9616,0.9615,49704,69.37,0.8510
USPS,2,1,LFW(ours),0.9337,0.9287,0.9294,0.9285,3072,105.78,0.5808
USPS,2,1,FFT,0.9661,0.9633,0.9657,0.9643,1218186,112.78,0.5808
USPS,3,1,ZeroShot,0.2671,0.7525,0.2384,0.2128,0,0.0,0.4633
USPS,3,0.05,LinearProbe,0.8416,0.8428,0.8222,0.8063,1290,1.28,0.4678
USPS,3,0.05,BitFit,0.9148,0.9179,0.9054,0.9087,8714,3.19,0.4631
USPS,3,0.05,SSF,0.9168,0.9133,0.9103,0.9097,1792,3.22,0.4950
USPS,3,0.05,Adapter,0.9452,0.9446,0.9420,0.9427,25440,3.13,0.5144
USPS,3,0.05,LoRA,0.9462,0.9408,0.9460,0.9429,49704,5.65,0.7084
USPS,3,0.05,LFW(ours),0.9058,0.9055,0.8978,0.8981,3072,3.82,0.5128
USPS,3,0.05,FFT,0.9487,0.9449,0.9451,0.9446,1218186,7.58,0.5869
USPS,3,0.1,LinearProbe,0.9113,0.9044,0.9047,0.9042,1290,6.42,0.5865
USPS,3,0.1,BitFit,0.9253,0.9247,0.9200,0.9198,8714,8.36,0.6058
USPS,3,0.1,SSF,0.9462,0.9451,0.9419,0.9427,1792,11.33,0.6023
USPS,3,0.1,Adapter,0.9332,0.9321,0.9261,0.9273,25440,5.42,0.6217
USPS,3,0.1,LoRA,0.9596,0.9575,0.9571,0.9572,49704,14.88,0.8534
USPS,3,0.1,LFW(ours),0.9053,0.9070,0.8972,0.8981,3072,7.20,0.5912
USPS,3,0.1,FFT,0.9482,0.9457,0.9438,0.9439,1218186,10.54,0.5749
USPS,3,0.2,LinearProbe,0.9248,0.9194,0.9204,0.9198,1290,12.73,0.5761
USPS,3,0.2,BitFit,0.9497,0.9454,0.9476,0.9462,8714,26.80,0.5758
USPS,3,0.2,SSF,0.9567,0.9531,0.9554,0.9540,1792,18.98,0.4888
USPS,3,0.2,Adapter,0.9557,0.9536,0.9528,0.9529,25440,12.06,0.4935
USPS,3,0.2,LoRA,0.9651,0.9630,0.9624,0.9626,49704,16.39,0.7103
USPS,3,0.2,LFW(ours),0.9263,0.9246,0.9202,0.9213,3072,34.21,0.5870
USPS,3,0.2,FFT,0.9626,0.9600,0.9605,0.9601,1218186,25.26,0.5837
USPS,3,0.5,LinearProbe,0.9337,0.9298,0.9281,0.9280,1290,44.65,0.5774
USPS,3,0.5,BitFit,0.9576,0.9532,0.9551,0.9539,8714,92.30,0.4640
USPS,3,0.5,SSF,0.9591,0.9550,0.9576,0.9561,1792,61.35,0.6046
USPS,3,0.5,Adapter,0.9507,0.9522,0.9455,0.9484,25440,26.80,0.4881
USPS,3,0.5,LoRA,0.9586,0.9549,0.9561,0.9553,49704,35.49,0.7071
USPS,3,0.5,LFW(ours),0.9362,0.9338,0.9317,0.9320,3072,25.20,0.4594
USPS,3,0.5,FFT,0.9611,0.9579,0.9590,0.9583,1218186,57.75,0.4590
USPS,3,1,LinearProbe,0.9417,0.9383,0.9368,0.9372,1290,44.96,0.4632
USPS,3,1,BitFit,0.9591,0.9557,0.9569,0.9561,8714,62.36,0.4547
USPS,3,1,SSF,0.9681,0.9656,0.9668,0.9661,1792,153.04,0.4861
USPS,3,1,Adapter,0.9596,0.9581,0.9570,0.9573,25440,64.45,0.4917
USPS,3,1,LoRA,0.9651,0.9627,0.9632,0.9626,49704,97.54,0.6864
USPS,3,1,LFW(ours),0.9372,0.9334,0.9324,0.9324,3072,54.63,0.4623
USPS,3,1,FFT,0.9701,0.9686,0.9685,0.9684,1218186,191.21,0.4573
USPS,4,1,ZeroShot,0.4330,0.7193,0.4399,0.4381,0,0.0,0.4528
USPS,4,0.05,LinearProbe,0.9118,0.9101,0.9026,0.9054,1290,1.44,0.4560
USPS,4,0.05,BitFit,0.8984,0.9111,0.8824,0.8896,8714,2.53,0.4564
USPS,4,0.05,SSF,0.9103,0.9101,0.8982,0.9015,1792,2.51,0.4762
USPS,4,0.05,Adapter,0.9352,0.9333,0.9277,0.9291,25440,3.90,0.4944
USPS,4,0.05,LoRA,0.9188,0.9255,0.9066,0.9128,49704,3.14,0.6969
USPS,4,0.05,LFW(ours),0.9153,0.9125,0.9069,0.9079,3072,4.92,0.4530
USPS,4,0.05,FFT,0.9422,0.9420,0.9362,0.9386,1218186,4.46,0.4566
USPS,4,0.1,LinearProbe,0.9243,0.9194,0.9164,0.9176,1290,4.26,0.4618
USPS,4,0.1,BitFit,0.9287,0.9272,0.9208,0.9229,8714,5.62,0.4539
USPS,4,0.1,SSF,0.9512,0.9482,0.9466,0.9472,1792,12.09,0.4814
USPS,4,0.1,Adapter,0.9442,0.9412,0.9384,0.9391,25440,4.64,0.4914
USPS,4,0.1,LoRA,0.9562,0.9529,0.9535,0.9530,49704,9.66,0.7200
USPS,4,0.1,LFW(ours),0.9263,0.9217,0.9199,0.9195,3072,9.20,0.4789
USPS,4,0.1,FFT,0.9567,0.9543,0.9525,0.9533,1218186,10.07,0.4626
USPS,4,0.2,LinearProbe,0.9327,0.9284,0.9273,0.9274,1290,13.61,0.4520
USPS,4,0.2,BitFit,0.9427,0.9412,0.9369,0.9385,8714,15.48,0.4485
USPS,4,0.2,SSF,0.9452,0.9431,0.9385,0.9402,1792,11.01,0.4882
USPS,4,0.2,Adapter,0.9542,0.9515,0.9500,0.9505,25440,20.07,0.4927
USPS,4,0.2,LoRA,0.9557,0.9528,0.9515,0.9520,49704,16.23,0.6955
USPS,4,0.2,LFW(ours),0.9367,0.9328,0.9307,0.9308,3072,15.94,0.4609
USPS,4,0.2,FFT,0.9571,0.9548,0.9534,0.9540,1218186,13.89,0.4549
USPS,4,0.5,LinearProbe,0.9292,0.9260,0.9244,0.9247,1290,17.92,0.4513
USPS,4,0.5,BitFit,0.9547,0.9512,0.9505,0.9507,8714,40.70,0.4569
USPS,4,0.5,SSF,0.9532,0.9496,0.9492,0.9492,1792,27.43,0.4791
USPS,4,0.5,Adapter,0.9636,0.9618,0.9613,0.9615,25440,38.69,0.4998
USPS,4,0.5,LoRA,0.9641,0.9616,0.9627,0.9619,49704,63.07,0.6866
USPS,4,0.5,LFW(ours),0.9412,0.9377,0.9364,0.9359,3072,24.78,0.4571
USPS,4,0.5,FFT,0.9626,0.9600,0.9602,0.9599,1218186,46.14,0.4589
USPS,4,1,LinearProbe,0.9397,0.9359,0.9331,0.9343,1290,41.73,0.4645
USPS,4,1,BitFit,0.9552,0.9511,0.9521,0.9514,8714,101.84,0.4604
USPS,4,1,SSF,0.9631,0.9606,0.9605,0.9604,1792,152.58,0.4759
USPS,4,1,Adapter,0.9631,0.9619,0.9601,0.9609,25440,111.53,0.5094
USPS,4,1,LoRA,0.9641,0.9623,0.9621,0.9621,49704,145.38,0.7003
USPS,4,1,LFW(ours),0.9477,0.9431,0.9452,0.9437,3072,72.69,0.4556
USPS,4,1,FFT,0.9666,0.9645,0.9647,0.9645,1218186,115.32,0.4626
C10C_gaussian_noise,0,1,ZeroShot,0.4872,0.4876,0.4872,0.4697,0,0.0,0.5259
C10C_gaussian_noise,0,0.05,LinearProbe,0.4872,0.4876,0.4872,0.4697,1290,0.59,0.4871
C10C_gaussian_noise,0,0.05,BitFit,0.4938,0.4916,0.4938,0.4821,8714,1.28,0.5433
C10C_gaussian_noise,0,0.05,SSF,0.4872,0.4876,0.4872,0.4697,1792,1.16,0.4844
C10C_gaussian_noise,0,0.05,Adapter,0.4872,0.4876,0.4872,0.4697,25440,1.01,0.5013
C10C_gaussian_noise,0,0.05,LoRA,0.4934,0.4911,0.4934,0.4887,49704,3.11,0.7873
C10C_gaussian_noise,0,0.05,LFW(ours),0.4872,0.4876,0.4872,0.4697,3072,1.21,0.4551
C10C_gaussian_noise,0,0.05,FFT,0.4988,0.4954,0.4988,0.4898,1218186,2.17,0.4927
C10C_gaussian_noise,0,0.1,LinearProbe,0.4996,0.4952,0.4996,0.4949,1290,1.78,0.5270
C10C_gaussian_noise,0,0.1,BitFit,0.4918,0.4906,0.4918,0.4838,8714,2.79,0.4536
C10C_gaussian_noise,0,0.1,SSF,0.5044,0.5066,0.5044,0.5029,1792,6.02,0.4830
C10C_gaussian_noise,0,0.1,Adapter,0.5082,0.5108,0.5082,0.5072,25440,5.05,0.5590
C10C_gaussian_noise,0,0.1,LoRA,0.5094,0.5073,0.5094,0.5065,49704,4.66,0.8114
C10C_gaussian_noise,0,0.1,LFW(ours),0.4952,0.4962,0.4952,0.4800,3072,3.02,0.4819
C10C_gaussian_noise,0,0.1,FFT,0.4976,0.4952,0.4976,0.4898,1218186,3.32,0.4736
C10C_gaussian_noise,0,0.2,LinearProbe,0.4978,0.4941,0.4978,0.4940,1290,7.09,0.4679
C10C_gaussian_noise,0,0.2,BitFit,0.5124,0.5089,0.5124,0.5091,8714,14.12,0.4635
C10C_gaussian_noise,0,0.2,SSF,0.5090,0.5040,0.5090,0.5040,1792,14.26,0.4811
C10C_gaussian_noise,0,0.2,Adapter,0.5070,0.5033,0.5070,0.5025,25440,12.17,0.4896
C10C_gaussian_noise,0,0.2,LoRA,0.5140,0.5144,0.5140,0.5120,49704,8.56,0.7040
C10C_gaussian_noise,0,0.2,LFW(ours),0.4872,0.4876,0.4872,0.4697,3072,4.35,0.4478
C10C_gaussian_noise,0,0.2,FFT,0.5122,0.5070,0.5122,0.5083,1218186,12.81,0.4589
C10C_gaussian_noise,0,0.5,LinearProbe,0.5100,0.5066,0.5100,0.5074,1290,7.71,0.4539
C10C_gaussian_noise,0,0.5,BitFit,0.5190,0.5126,0.5190,0.5129,8714,47.32,0.4537
C10C_gaussian_noise,0,0.5,SSF,0.5202,0.5168,0.5202,0.5171,1792,16.61,0.4819
C10C_gaussian_noise,0,0.5,Adapter,0.5164,0.5143,0.5164,0.5139,25440,16.17,0.4957
C10C_gaussian_noise,0,0.5,LoRA,0.5276,0.5297,0.5276,0.5243,49704,18.27,0.6950
C10C_gaussian_noise,0,0.5,LFW(ours),0.4822,0.4874,0.4822,0.4734,3072,14.65,0.4589
C10C_gaussian_noise,0,0.5,FFT,0.5286,0.5271,0.5286,0.5267,1218186,34.73,0.4589
C10C_gaussian_noise,0,1,LinearProbe,0.5198,0.5172,0.5198,0.5176,1290,35.62,0.4511
C10C_gaussian_noise,0,1,BitFit,0.5192,0.5155,0.5192,0.5161,8714,34.28,0.4562
C10C_gaussian_noise,0,1,SSF,0.5286,0.5245,0.5286,0.5249,1792,33.32,0.4762
C10C_gaussian_noise,0,1,Adapter,0.5278,0.5274,0.5278,0.5261,25440,56.03,0.5148
C10C_gaussian_noise,0,1,LoRA,0.5258,0.5232,0.5258,0.5226,49704,48.42,0.6900
C10C_gaussian_noise,0,1,LFW(ours),0.4872,0.4876,0.4872,0.4697,3072,21.33,0.4658
C10C_gaussian_noise,0,1,FFT,0.5420,0.5399,0.5420,0.5398,1218186,36.91,0.4612
C10C_gaussian_noise,1,1,ZeroShot,0.4708,0.4790,0.4708,0.4587,0,0.0,0.4600
C10C_gaussian_noise,1,0.05,LinearProbe,0.4876,0.4851,0.4876,0.4807,1290,0.89,0.4546
C10C_gaussian_noise,1,0.05,BitFit,0.4918,0.4893,0.4918,0.4840,8714,1.48,0.4574
C10C_gaussian_noise,1,0.05,SSF,0.4920,0.4892,0.4920,0.4851,1792,1.45,0.4714
C10C_gaussian_noise,1,0.05,Adapter,0.4924,0.4886,0.4924,0.4843,25440,1.87,0.4924
C10C_gaussian_noise,1,0.05,LoRA,0.4882,0.4879,0.4882,0.4780,49704,3.02,0.7018
C10C_gaussian_noise,1,0.05,LFW(ours),0.4690,0.4751,0.4690,0.4548,3072,1.42,0.4501
C10C_gaussian_noise,1,0.05,FFT,0.4934,0.4899,0.4934,0.4845,1218186,1.87,0.4565
C10C_gaussian_noise,1,0.1,LinearProbe,0.4870,0.4837,0.4870,0.4837,1290,3.53,0.4586
C10C_gaussian_noise,1,0.1,BitFit,0.4966,0.4941,0.4966,0.4925,8714,4.05,0.4598
C10C_gaussian_noise,1,0.1,SSF,0.4902,0.4950,0.4902,0.4889,1792,2.99,0.4789
C10C_gaussian_noise,1,0.1,Adapter,0.4926,0.4910,0.4926,0.4874,25440,3.31,0.4890
C10C_gaussian_noise,1,0.1,LoRA,0.4900,0.4949,0.4900,0.4877,49704,3.74,0.6967
C10C_gaussian_noise,1,0.1,LFW(ours),0.4552,0.4600,0.4552,0.4424,3072,5.08,0.4517
C10C_gaussian_noise,1,0.1,FFT,0.4958,0.4923,0.4958,0.4887,1218186,3.28,0.4590
C10C_gaussian_noise,1,0.2,LinearProbe,0.4976,0.4904,0.4976,0.4917,1290,7.23,0.4526
C10C_gaussian_noise,1,0.2,BitFit,0.4988,0.4931,0.4988,0.4942,8714,15.68,0.4675
C10C_gaussian_noise,1,0.2,SSF,0.5020,0.4977,0.5020,0.4974,1792,13.37,0.4715
C10C_gaussian_noise,1,0.2,Adapter,0.4924,0.4936,0.4924,0.4913,25440,12.25,0.4954
C10C_gaussian_noise,1,0.2,LoRA,0.5012,0.5014,0.5012,0.4989,49704,9.77,0.6971
C10C_gaussian_noise,1,0.2,LFW(ours),0.4724,0.4754,0.4724,0.4612,3072,5.92,0.4544
C10C_gaussian_noise,1,0.2,FFT,0.4790,0.4764,0.4790,0.4758,1218186,26.68,0.4709
C10C_gaussian_noise,1,0.5,LinearProbe,0.4958,0.4913,0.4958,0.4915,1290,7.81,0.4572
C10C_gaussian_noise,1,0.5,BitFit,0.4950,0.4884,0.4950,0.4896,8714,15.36,0.4606
C10C_gaussian_noise,1,0.5,SSF,0.4996,0.4982,0.4996,0.4966,1792,29.52,0.4716
C10C_gaussian_noise,1,0.5,Adapter,0.5096,0.5051,0.5096,0.5059,25440,26.29,0.4870
C10C_gaussian_noise,1,0.5,LoRA,0.5140,0.5083,0.5140,0.5076,49704,21.45,0.6984
C10C_gaussian_noise,1,0.5,LFW(ours),0.4558,0.4574,0.4558,0.4432,3072,18.71,0.4575
C10C_gaussian_noise,1,0.5,FFT,0.5158,0.5098,0.5158,0.5104,1218186,26.11,0.4499
C10C_gaussian_noise,1,1,LinearProbe,0.5032,0.4988,0.5032,0.4988,1290,42.27,0.4688
C10C_gaussian_noise,1,1,BitFit,0.5080,0.5047,0.5080,0.5047,8714,42.84,0.4770
C10C_gaussian_noise,1,1,SSF,0.5144,0.5128,0.5144,0.5122,1792,34.12,0.4940
C10C_gaussian_noise,1,1,Adapter,0.5174,0.5126,0.5174,0.5138,25440,52.50,0.5234
C10C_gaussian_noise,1,1,LoRA,0.5114,0.5138,0.5114,0.5104,49704,36.68,0.7002
C10C_gaussian_noise,1,1,LFW(ours),0.4708,0.4790,0.4708,0.4587,3072,20.74,0.4560
C10C_gaussian_noise,1,1,FFT,0.5206,0.5163,0.5206,0.5169,1218186,47.66,0.4782
C10C_gaussian_noise,2,1,ZeroShot,0.4876,0.5097,0.4876,0.4818,0,0.0,0.4700
C10C_gaussian_noise,2,0.05,LinearProbe,0.4876,0.5097,0.4876,0.4818,1290,0.55,0.4732
C10C_gaussian_noise,2,0.05,BitFit,0.5010,0.5037,0.5010,0.4974,8714,1.50,0.4753
C10C_gaussian_noise,2,0.05,SSF,0.4876,0.5097,0.4876,0.4818,1792,1.05,0.4910
C10C_gaussian_noise,2,0.05,Adapter,0.4896,0.5096,0.4896,0.4839,25440,1.19,0.4938
C10C_gaussian_noise,2,0.05,LoRA,0.4876,0.5097,0.4876,0.4818,49704,1.50,0.7099
C10C_gaussian_noise,2,0.05,LFW(ours),0.4876,0.5097,0.4876,0.4818,3072,1.06,0.4845
C10C_gaussian_noise,2,0.05,FFT,0.5002,0.5073,0.5002,0.4953,1218186,3.02,0.7076
C10C_gaussian_noise,2,0.1,LinearProbe,0.4992,0.4985,0.4992,0.4968,1290,5.84,0.6826
C10C_gaussian_noise,2,0.1,BitFit,0.5106,0.5055,0.5106,0.5031,8714,6.02,0.6659
C10C_gaussian_noise,2,0.1,SSF,0.5022,0.5011,0.5022,0.4986,1792,11.92,0.6984
C10C_gaussian_noise,2,0.1,Adapter,0.5064,0.5022,0.5064,0.4982,25440,8.05,0.7520
C10C_gaussian_noise,2,0.1,LoRA,0.4900,0.4897,0.4900,0.4853,49704,9.34,1.0691
C10C_gaussian_noise,2,0.1,LFW(ours),0.4878,0.5079,0.4878,0.4828,3072,3.87,0.6694
C10C_gaussian_noise,2,0.1,FFT,0.5196,0.5147,0.5196,0.5137,1218186,9.06,0.7347
C10C_gaussian_noise,2,0.2,LinearProbe,0.5060,0.5030,0.5060,0.5037,1290,12.49,0.6343
C10C_gaussian_noise,2,0.2,BitFit,0.5114,0.5075,0.5114,0.5073,8714,8.77,0.6556
C10C_gaussian_noise,2,0.2,SSF,0.5166,0.5139,0.5166,0.5142,1792,18.95,0.6423
C10C_gaussian_noise,2,0.2,Adapter,0.5174,0.5125,0.5174,0.5137,25440,12.82,0.5779
C10C_gaussian_noise,2,0.2,LoRA,0.4966,0.4931,0.4966,0.4929,49704,13.25,0.7964
C10C_gaussian_noise,2,0.2,LFW(ours),0.4702,0.4899,0.4702,0.4652,3072,10.67,0.5346
C10C_gaussian_noise,2,0.2,FFT,0.5118,0.5087,0.5118,0.5095,1218186,16.10,0.5472
C10C_gaussian_noise,2,0.5,LinearProbe,0.5120,0.5080,0.5120,0.5090,1290,12.48,0.5570
C10C_gaussian_noise,2,0.5,BitFit,0.5264,0.5211,0.5264,0.5214,8714,30.94,0.5308
C10C_gaussian_noise,2,0.5,SSF,0.5194,0.5177,0.5194,0.5167,1792,17.20,0.5592
C10C_gaussian_noise,2,0.5,Adapter,0.5186,0.5174,0.5186,0.5169,25440,37.81,0.6000
C10C_gaussian_noise,2,0.5,LoRA,0.5180,0.5214,0.5180,0.5165,49704,24.95,0.7978
C10C_gaussian_noise,2,0.5,LFW(ours),0.4598,0.4748,0.4598,0.4548,3072,21.63,0.5256
C10C_gaussian_noise,2,0.5,FFT,0.5222,0.5181,0.5222,0.5194,1218186,27.33,0.5209
C10C_gaussian_noise,2,1,LinearProbe,0.5168,0.5149,0.5168,0.5151,1290,17.96,0.5315
C10C_gaussian_noise,2,1,BitFit,0.5346,0.5330,0.5346,0.5324,8714,73.89,0.5233
C10C_gaussian_noise,2,1,SSF,0.5274,0.5249,0.5274,0.5253,1792,54.78,0.6425
C10C_gaussian_noise,2,1,Adapter,0.5310,0.5263,0.5310,0.5264,25440,67.14,0.7091
C10C_gaussian_noise,2,1,LoRA,0.5228,0.5226,0.5228,0.5210,49704,60.94,0.9851
C10C_gaussian_noise,2,1,LFW(ours),0.4876,0.5097,0.4876,0.4818,3072,29.41,0.6545
C10C_gaussian_noise,2,1,FFT,0.5326,0.5311,0.5326,0.5313,1218186,51.63,0.6500
C10C_gaussian_noise,3,1,ZeroShot,0.4716,0.4745,0.4716,0.4598,0,0.0,0.6006
C10C_gaussian_noise,3,0.05,LinearProbe,0.4888,0.4852,0.4888,0.4822,1290,1.57,0.6627
C10C_gaussian_noise,3,0.05,BitFit,0.5010,0.4993,0.5010,0.4983,8714,4.02,0.6610
C10C_gaussian_noise,3,0.05,SSF,0.4996,0.5005,0.4996,0.4987,1792,2.98,0.6946
C10C_gaussian_noise,3,0.05,Adapter,0.4988,0.5012,0.4988,0.4975,25440,4.46,0.7038
C10C_gaussian_noise,3,0.05,LoRA,0.4918,0.4934,0.4918,0.4872,49704,2.57,1.0379
C10C_gaussian_noise,3,0.05,LFW(ours),0.4644,0.4616,0.4644,0.4519,3072,2.46,0.8216
C10C_gaussian_noise,3,0.05,FFT,0.4946,0.4949,0.4946,0.4890,1218186,3.75,0.9376
C10C_gaussian_noise,3,0.1,LinearProbe,0.4988,0.4941,0.4988,0.4938,1290,3.87,0.9935
C10C_gaussian_noise,3,0.1,BitFit,0.5092,0.5031,0.5092,0.5037,8714,10.28,0.9789
C10C_gaussian_noise,3,0.1,SSF,0.5064,0.5023,0.5064,0.5008,1792,10.70,0.9451
C10C_gaussian_noise,3,0.1,Adapter,0.4948,0.4970,0.4948,0.4925,25440,8.12,1.0523
C10C_gaussian_noise,3,0.1,LoRA,0.4870,0.4853,0.4870,0.4842,49704,16.03,0.9524
C10C_gaussian_noise,3,0.1,LFW(ours),0.4720,0.4726,0.4720,0.4616,3072,5.29,0.6444
C10C_gaussian_noise,3,0.1,FFT,0.4968,0.4963,0.4968,0.4919,1218186,4.28,0.6133
C10C_gaussian_noise,3,0.2,LinearProbe,0.4860,0.4824,0.4860,0.4783,1290,3.96,0.5850
C10C_gaussian_noise,3,0.2,BitFit,0.5132,0.5086,0.5132,0.5099,8714,17.35,0.9527
C10C_gaussian_noise,3,0.2,SSF,0.5048,0.4983,0.5048,0.5000,1792,12.87,1.0022
C10C_gaussian_noise,3,0.2,Adapter,0.5008,0.4982,0.5008,0.4982,25440,41.18,1.1020
C10C_gaussian_noise,3,0.2,LoRA,0.4668,0.4654,0.4668,0.4649,49704,26.54,1.0262
C10C_gaussian_noise,3,0.2,LFW(ours),0.4820,0.4813,0.4820,0.4738,3072,6.88,0.9839
C10C_gaussian_noise,3,0.2,FFT,0.5108,0.5066,0.5108,0.5073,1218186,17.03,0.9301
C10C_gaussian_noise,3,0.5,LinearProbe,0.4980,0.4920,0.4980,0.4926,1290,18.53,0.9738
C10C_gaussian_noise,3,0.5,BitFit,0.5220,0.5203,0.5220,0.5192,8714,73.91,0.8785
C10C_gaussian_noise,3,0.5,SSF,0.5136,0.5094,0.5136,0.5088,1792,19.04,0.7693
C10C_gaussian_noise,3,0.5,Adapter,0.5068,0.5037,0.5068,0.5017,25440,78.43,1.2071
C10C_gaussian_noise,3,0.5,LoRA,0.5184,0.5162,0.5184,0.5149,49704,42.74,0.9486
C10C_gaussian_noise,3,0.5,LFW(ours),0.4854,0.4880,0.4854,0.4794,3072,16.91,0.6972
C10C_gaussian_noise,3,0.5,FFT,0.5218,0.5180,0.5218,0.5189,1218186,60.22,0.8401
C10C_gaussian_noise,3,1,LinearProbe,0.5036,0.4976,0.5036,0.4993,1290,66.14,1.0101
C10C_gaussian_noise,3,1,BitFit,0.5296,0.5294,0.5296,0.5287,8714,167.16,0.6104
C10C_gaussian_noise,3,1,SSF,0.5192,0.5211,0.5192,0.5156,1792,91.65,0.9238
C10C_gaussian_noise,3,1,Adapter,0.5174,0.5109,0.5174,0.5125,25440,110.40,0.6586
C10C_gaussian_noise,3,1,LoRA,0.5218,0.5179,0.5218,0.5153,49704,66.33,1.3309
C10C_gaussian_noise,3,1,LFW(ours),0.4818,0.4867,0.4818,0.4772,3072,43.90,0.6175
C10C_gaussian_noise,3,1,FFT,0.5232,0.5220,0.5232,0.5201,1218186,96.60,0.9080
C10C_gaussian_noise,4,1,ZeroShot,0.4746,0.4967,0.4746,0.4682,0,0.0,0.8575
C10C_gaussian_noise,4,0.05,LinearProbe,0.4868,0.4862,0.4868,0.4810,1290,3.67,1.0212
C10C_gaussian_noise,4,0.05,BitFit,0.4746,0.4967,0.4746,0.4682,8714,2.71,1.2967
C10C_gaussian_noise,4,0.05,SSF,0.4848,0.4974,0.4848,0.4800,1792,2.91,0.9733
C10C_gaussian_noise,4,0.05,Adapter,0.4746,0.4967,0.4746,0.4682,25440,2.62,0.8566
C10C_gaussian_noise,4,0.05,LoRA,0.4746,0.4967,0.4746,0.4682,49704,2.90,0.9915
C10C_gaussian_noise,4,0.05,LFW(ours),0.4570,0.4772,0.4570,0.4520,3072,3.90,0.6533
C10C_gaussian_noise,4,0.05,FFT,0.4846,0.4988,0.4846,0.4793,1218186,2.16,0.6469
C10C_gaussian_noise,4,0.1,LinearProbe,0.4920,0.4890,0.4920,0.4868,1290,4.58,0.5490
C10C_gaussian_noise,4,0.1,BitFit,0.5036,0.5008,0.5036,0.4967,8714,11.79,0.9740
C10C_gaussian_noise,4,0.1,SSF,0.5002,0.4924,0.5002,0.4930,1792,8.48,0.8045
C10C_gaussian_noise,4,0.1,Adapter,0.4912,0.4913,0.4912,0.4849,25440,11.98,1.0146
C10C_gaussian_noise,4,0.1,LoRA,0.5026,0.4972,0.5026,0.4979,49704,9.52,1.4597
C10C_gaussian_noise,4,0.1,LFW(ours),0.4668,0.4862,0.4668,0.4622,3072,7.50,1.0217
C10C_gaussian_noise,4,0.1,FFT,0.5090,0.5027,0.5090,0.5030,1218186,7.04,0.6009
C10C_gaussian_noise,4,0.2,LinearProbe,0.5000,0.4972,0.5000,0.4962,1290,6.46,0.6524
C10C_gaussian_noise,4,0.2,BitFit,0.5122,0.5064,0.5122,0.5078,8714,32.46,0.9834
C10C_gaussian_noise,4,0.2,SSF,0.5042,0.5024,0.5042,0.4992,1792,17.63,1.0027
C10C_gaussian_noise,4,0.2,Adapter,0.5050,0.5035,0.5050,0.5017,25440,39.20,0.9509
C10C_gaussian_noise,4,0.2,LoRA,0.5064,0.5010,0.5064,0.5005,49704,21.33,1.2226
C10C_gaussian_noise,4,0.2,LFW(ours),0.4682,0.4836,0.4682,0.4636,3072,10.09,0.9270
C10C_gaussian_noise,4,0.2,FFT,0.5156,0.5126,0.5156,0.5129,1218186,16.63,0.6450
C10C_gaussian_noise,4,0.5,LinearProbe,0.5020,0.4996,0.5020,0.4989,1290,13.79,0.6786
C10C_gaussian_noise,4,0.5,BitFit,0.5124,0.5111,0.5124,0.5103,8714,44.76,0.6148
C10C_gaussian_noise,4,0.5,SSF,0.5104,0.5144,0.5104,0.5107,1792,29.68,0.7334
C10C_gaussian_noise,4,0.5,Adapter,0.5046,0.5063,0.5046,0.5034,25440,27.74,0.7138
C10C_gaussian_noise,4,0.5,LoRA,0.5088,0.5061,0.5088,0.5027,49704,26.11,1.0026
C10C_gaussian_noise,4,0.5,LFW(ours),0.4624,0.4790,0.4624,0.4590,3072,23.73,0.6778
C10C_gaussian_noise,4,0.5,FFT,0.5150,0.5160,0.5150,0.5147,1218186,36.49,0.6699
C10C_gaussian_noise,4,1,LinearProbe,0.5058,0.5029,0.5058,0.5028,1290,34.02,0.6830
C10C_gaussian_noise,4,1,BitFit,0.5216,0.5150,0.5216,0.5166,8714,73.05,0.5070
C10C_gaussian_noise,4,1,SSF,0.5210,0.5195,0.5210,0.5174,1792,70.00,0.5318
C10C_gaussian_noise,4,1,Adapter,0.5176,0.5187,0.5176,0.5163,25440,73.57,0.5778
C10C_gaussian_noise,4,1,LoRA,0.5078,0.5075,0.5078,0.5031,49704,61.85,0.7947
C10C_gaussian_noise,4,1,LFW(ours),0.4502,0.4640,0.4502,0.4460,3072,37.95,0.5267
C10C_gaussian_noise,4,1,FFT,0.5208,0.5179,0.5208,0.5179,1218186,74.93,0.5182
C10C_motion_blur,0,1,ZeroShot,0.3438,0.4869,0.3438,0.2991,0,0.0,0.5696
C10C_motion_blur,0,0.05,LinearProbe,0.4354,0.4341,0.4354,0.4296,1290,2.56,0.5633
C10C_motion_blur,0,0.05,BitFit,0.4484,0.4524,0.4484,0.4414,8714,3.35,0.5860
C10C_motion_blur,0,0.05,SSF,0.4650,0.4685,0.4650,0.4506,1792,4.87,0.5963
C10C_motion_blur,0,0.05,Adapter,0.4564,0.4734,0.4564,0.4403,25440,4.66,0.6070
C10C_motion_blur,0,0.05,LoRA,0.4624,0.4689,0.4624,0.4503,49704,4.67,0.8491
C10C_motion_blur,0,0.05,LFW(ours),0.4158,0.4253,0.4158,0.4099,3072,2.40,0.5582
C10C_motion_blur,0,0.05,FFT,0.4494,0.4517,0.4494,0.4445,1218186,2.80,0.5488
C10C_motion_blur,0,0.1,LinearProbe,0.4454,0.4450,0.4454,0.4439,1290,4.14,0.5599
C10C_motion_blur,0,0.1,BitFit,0.4746,0.4711,0.4746,0.4682,8714,9.05,0.5614
C10C_motion_blur,0,0.1,SSF,0.4640,0.4717,0.4640,0.4545,1792,6.01,0.5873
C10C_motion_blur,0,0.1,Adapter,0.4900,0.4884,0.4900,0.4871,25440,11.89,0.6073
C10C_motion_blur,0,0.1,LoRA,0.4792,0.4751,0.4792,0.4729,49704,14.23,0.8594
C10C_motion_blur,0,0.1,LFW(ours),0.4266,0.4315,0.4266,0.4198,3072,5.51,0.5643
C10C_motion_blur,0,0.1,FFT,0.4462,0.4457,0.4462,0.4378,1218186,5.57,0.5577
C10C_motion_blur,0,0.2,LinearProbe,0.4668,0.4642,0.4668,0.4628,1290,7.95,0.5638
C10C_motion_blur,0,0.2,BitFit,0.4796,0.4761,0.4796,0.4731,8714,11.06,0.5704
C10C_motion_blur,0,0.2,SSF,0.4894,0.4854,0.4894,0.4844,1792,15.11,0.5908
C10C_motion_blur,0,0.2,Adapter,0.4884,0.4844,0.4884,0.4838,25440,16.90,0.6097
C10C_motion_blur,0,0.2,LoRA,0.4928,0.4901,0.4928,0.4885,49704,16.43,0.8276
C10C_motion_blur,0,0.2,LFW(ours),0.4420,0.4400,0.4420,0.4370,3072,17.36,0.5914
C10C_motion_blur,0,0.2,FFT,0.4468,0.4473,0.4468,0.4432,1218186,14.64,0.5629
C10C_motion_blur,0,0.5,LinearProbe,0.4738,0.4703,0.4738,0.4668,1290,11.33,0.5568
C10C_motion_blur,0,0.5,BitFit,0.4902,0.4856,0.4902,0.4858,8714,24.68,0.5808
C10C_motion_blur,0,0.5,SSF,0.5062,0.5040,0.5062,0.5019,1792,38.04,0.5884
C10C_motion_blur,0,0.5,Adapter,0.4950,0.4912,0.4950,0.4925,25440,44.00,0.5995
C10C_motion_blur,0,0.5,LoRA,0.5066,0.5033,0.5066,0.5036,49704,39.14,0.8250
C10C_motion_blur,0,0.5,LFW(ours),0.4470,0.4455,0.4470,0.4428,3072,40.70,0.5830
C10C_motion_blur,0,0.5,FFT,0.4858,0.4886,0.4858,0.4817,1218186,27.15,0.5607
C10C_motion_blur,0,1,LinearProbe,0.4820,0.4773,0.4820,0.4764,1290,23.19,0.5605
C10C_motion_blur,0,1,BitFit,0.4892,0.4891,0.4892,0.4856,8714,38.49,0.5710
C10C_motion_blur,0,1,SSF,0.5026,0.4983,0.5026,0.4993,1792,43.46,0.6049
C10C_motion_blur,0,1,Adapter,0.5010,0.4996,0.5010,0.4990,25440,59.07,0.5932
C10C_motion_blur,0,1,LoRA,0.5058,0.5049,0.5058,0.5031,49704,101.36,0.8219
C10C_motion_blur,0,1,LFW(ours),0.4584,0.4556,0.4584,0.4544,3072,75.51,0.5822
C10C_motion_blur,0,1,FFT,0.4726,0.4782,0.4726,0.4711,1218186,69.09,0.5627
C10C_motion_blur,1,1,ZeroShot,0.3522,0.4498,0.3522,0.3011,0,0.0,0.5632
C10C_motion_blur,1,0.05,LinearProbe,0.4374,0.4366,0.4374,0.4337,1290,2.35,0.5631
C10C_motion_blur,1,0.05,BitFit,0.4512,0.4650,0.4512,0.4530,8714,3.73,0.5706
C10C_motion_blur,1,0.05,SSF,0.4552,0.4855,0.4552,0.4494,1792,2.48,0.5855
C10C_motion_blur,1,0.05,Adapter,0.4582,0.4625,0.4582,0.4578,25440,5.83,0.6073
C10C_motion_blur,1,0.05,LoRA,0.4496,0.4696,0.4496,0.4428,49704,4.60,0.8286
C10C_motion_blur,1,0.05,LFW(ours),0.3908,0.4281,0.3908,0.3762,3072,1.93,0.5575
C10C_motion_blur,1,0.05,FFT,0.4226,0.4296,0.4226,0.4172,1218186,3.16,0.5469
C10C_motion_blur,1,0.1,LinearProbe,0.4522,0.4536,0.4522,0.4502,1290,2.86,0.5901
C10C_motion_blur,1,0.1,BitFit,0.4512,0.4510,0.4512,0.4453,8714,6.21,0.5793
C10C_motion_blur,1,0.1,SSF,0.4612,0.4671,0.4612,0.4608,1792,10.38,0.5857
C10C_motion_blur,1,0.1,Adapter,0.4476,0.4514,0.4476,0.4419,25440,5.88,0.5943
C10C_motion_blur,1,0.1,LoRA,0.4604,0.4627,0.4604,0.4583,49704,12.66,0.8518
C10C_motion_blur,1,0.1,LFW(ours),0.4124,0.4232,0.4124,0.4039,3072,10.05,0.5575
C10C_motion_blur,1,0.1,FFT,0.4278,0.4372,0.4278,0.4207,1218186,6.37,0.5729
C10C_motion_blur,1,0.2,LinearProbe,0.4616,0.4633,0.4616,0.4600,1290,4.51,0.5567
C10C_motion_blur,1,0.2,BitFit,0.4706,0.4748,0.4706,0.4711,8714,12.20,0.5683
C10C_motion_blur,1,0.2,SSF,0.4704,0.4706,0.4704,0.4678,1792,11.71,0.5801
C10C_motion_blur,1,0.2,Adapter,0.4720,0.4714,0.4720,0.4692,25440,15.71,0.6138
C10C_motion_blur,1,0.2,LoRA,0.4728,0.4736,0.4728,0.4718,49704,13.79,0.8487
C10C_motion_blur,1,0.2,LFW(ours),0.4276,0.4371,0.4276,0.4231,3072,13.88,0.5800
C10C_motion_blur,1,0.2,FFT,0.4354,0.4633,0.4354,0.4190,1218186,8.71,0.5694
C10C_motion_blur,1,0.5,LinearProbe,0.4692,0.4686,0.4692,0.4620,1290,15.56,0.5650
C10C_motion_blur,1,0.5,BitFit,0.4806,0.4896,0.4806,0.4810,8714,42.38,0.5773
C10C_motion_blur,1,0.5,SSF,0.4884,0.4890,0.4884,0.4872,1792,53.87,0.5885
C10C_motion_blur,1,0.5,Adapter,0.4766,0.4804,0.4766,0.4774,25440,55.77,0.5974
C10C_motion_blur,1,0.5,LoRA,0.4740,0.4744,0.4740,0.4734,49704,65.81,0.8283
C10C_motion_blur,1,0.5,LFW(ours),0.4370,0.4460,0.4370,0.4328,3072,27.58,0.5608
C10C_motion_blur,1,0.5,FFT,0.4580,0.4644,0.4580,0.4555,1218186,35.20,0.5672
C10C_motion_blur,1,1,LinearProbe,0.4686,0.4758,0.4686,0.4681,1290,19.57,0.5700
C10C_motion_blur,1,1,BitFit,0.4890,0.4902,0.4890,0.4874,8714,99.84,0.5723
C10C_motion_blur,1,1,SSF,0.4858,0.4835,0.4858,0.4827,1792,48.14,0.5780
C10C_motion_blur,1,1,Adapter,0.4914,0.4947,0.4914,0.4905,25440,133.97,0.6099
C10C_motion_blur,1,1,LoRA,0.4970,0.4955,0.4970,0.4940,49704,70.07,0.8551
C10C_motion_blur,1,1,LFW(ours),0.4422,0.4510,0.4422,0.4345,3072,64.71,0.5739
C10C_motion_blur,1,1,FFT,0.4714,0.4822,0.4714,0.4705,1218186,48.70,0.5591
C10C_motion_blur,2,1,ZeroShot,0.3504,0.5120,0.3504,0.3132,0,0.0,0.5626
C10C_motion_blur,2,0.05,LinearProbe,0.4542,0.4560,0.4542,0.4519,1290,2.31,0.5629
C10C_motion_blur,2,0.05,BitFit,0.4658,0.4687,0.4658,0.4641,8714,4.00,0.5569
C10C_motion_blur,2,0.05,SSF,0.4586,0.4628,0.4586,0.4517,1792,4.12,0.6078
C10C_motion_blur,2,0.05,Adapter,0.4504,0.4597,0.4504,0.4417,25440,4.19,0.6063
C10C_motion_blur,2,0.05,LoRA,0.4642,0.4683,0.4642,0.4619,49704,5.44,0.8223
C10C_motion_blur,2,0.05,LFW(ours),0.4268,0.4516,0.4268,0.4242,3072,3.28,0.5532
C10C_motion_blur,2,0.05,FFT,0.4434,0.4435,0.4434,0.4377,1218186,3.17,0.5500
C10C_motion_blur,2,0.1,LinearProbe,0.4600,0.4603,0.4600,0.4571,1290,2.83,0.5695
C10C_motion_blur,2,0.1,BitFit,0.4648,0.4688,0.4648,0.4625,8714,7.44,0.5553
C10C_motion_blur,2,0.1,SSF,0.4690,0.4647,0.4690,0.4641,1792,8.36,0.6060
C10C_motion_blur,2,0.1,Adapter,0.4658,0.4675,0.4658,0.4631,25440,8.05,0.6187
C10C_motion_blur,2,0.1,LoRA,0.4610,0.4592,0.4610,0.4574,49704,14.23,0.8374
C10C_motion_blur,2,0.1,LFW(ours),0.4150,0.4569,0.4150,0.4092,3072,3.91,0.5701
C10C_motion_blur,2,0.1,FFT,0.4348,0.4341,0.4348,0.4291,1218186,6.59,0.5617
C10C_motion_blur,2,0.2,LinearProbe,0.4568,0.4577,0.4568,0.4551,1290,6.32,0.5641
C10C_motion_blur,2,0.2,BitFit,0.4748,0.4728,0.4748,0.4684,8714,10.06,0.5610
C10C_motion_blur,2,0.2,SSF,0.4728,0.4711,0.4728,0.4677,1792,11.96,0.5857
C10C_motion_blur,2,0.2,Adapter,0.4760,0.4739,0.4760,0.4720,25440,20.98,0.5981
C10C_motion_blur,2,0.2,LoRA,0.4746,0.4743,0.4746,0.4711,49704,15.24,0.8245
C10C_motion_blur,2,0.2,LFW(ours),0.4354,0.4464,0.4354,0.4303,3072,8.58,0.5581
C10C_motion_blur,2,0.2,FFT,0.4402,0.4443,0.4402,0.4375,1218186,12.76,0.5981
C10C_motion_blur,2,0.5,LinearProbe,0.4652,0.4620,0.4652,0.4606,1290,26.07,0.5461
C10C_motion_blur,2,0.5,BitFit,0.4844,0.4821,0.4844,0.4786,8714,44.06,0.5282
C10C_motion_blur,2,0.5,SSF,0.4824,0.4778,0.4824,0.4789,1792,20.99,0.5344
C10C_motion_blur,2,0.5,Adapter,0.4864,0.4856,0.4864,0.4847,25440,51.48,0.5553
C10C_motion_blur,2,0.5,LoRA,0.4780,0.4762,0.4780,0.4758,49704,23.61,0.7805
C10C_motion_blur,2,0.5,LFW(ours),0.4590,0.4598,0.4590,0.4537,3072,27.61,0.5055
C10C_motion_blur,2,0.5,FFT,0.4558,0.4718,0.4558,0.4581,1218186,23.16,0.5045
C10C_motion_blur,2,1,LinearProbe,0.4718,0.4726,0.4718,0.4695,1290,17.05,0.5066
C10C_motion_blur,2,1,BitFit,0.4846,0.4808,0.4846,0.4787,8714,76.80,0.6670
C10C_motion_blur,2,1,SSF,0.4992,0.4957,0.4992,0.4954,1792,104.95,0.6845
C10C_motion_blur,2,1,Adapter,0.4924,0.4914,0.4924,0.4887,25440,126.95,0.7138
C10C_motion_blur,2,1,LoRA,0.4934,0.4873,0.4934,0.4881,49704,91.21,0.9479
C10C_motion_blur,2,1,LFW(ours),0.4566,0.4642,0.4566,0.4554,3072,52.03,0.4887
C10C_motion_blur,2,1,FFT,0.4772,0.4734,0.4772,0.4730,1218186,64.85,0.6380
C10C_motion_blur,3,1,ZeroShot,0.3396,0.4906,0.3396,0.3028,0,0.0,0.6544
C10C_motion_blur,3,0.05,LinearProbe,0.4402,0.4488,0.4402,0.4406,1290,1.83,0.4978
C10C_motion_blur,3,0.05,BitFit,0.4488,0.4637,0.4488,0.4426,8714,1.94,0.5023
C10C_motion_blur,3,0.05,SSF,0.4580,0.4741,0.4580,0.4576,1792,2.28,0.5229
C10C_motion_blur,3,0.05,Adapter,0.4424,0.4628,0.4424,0.4314,25440,3.10,0.5418
C10C_motion_blur,3,0.05,LoRA,0.4568,0.4589,0.4568,0.4537,49704,7.70,0.7790
C10C_motion_blur,3,0.05,LFW(ours),0.4136,0.4351,0.4136,0.4119,3072,2.03,0.5071
C10C_motion_blur,3,0.05,FFT,0.4480,0.4523,0.4480,0.4440,1218186,2.37,0.5144
C10C_motion_blur,3,0.1,LinearProbe,0.4398,0.4503,0.4398,0.4274,1290,1.72,0.5134
C10C_motion_blur,3,0.1,BitFit,0.4686,0.4661,0.4686,0.4572,8714,6.43,0.5076
C10C_motion_blur,3,0.1,SSF,0.4632,0.4631,0.4632,0.4524,1792,4.34,0.5243
C10C_motion_blur,3,0.1,Adapter,0.4488,0.4635,0.4488,0.4365,25440,4.16,0.5416
C10C_motion_blur,3,0.1,LoRA,0.4620,0.4639,0.4620,0.4605,49704,14.83,0.7752
C10C_motion_blur,3,0.1,LFW(ours),0.4164,0.4198,0.4164,0.4157,3072,6.46,0.5078
C10C_motion_blur,3,0.1,FFT,0.4588,0.4569,0.4588,0.4487,1218186,4.12,0.5061
C10C_motion_blur,3,0.2,LinearProbe,0.4460,0.4482,0.4460,0.4423,1290,3.43,0.5038
C10C_motion_blur,3,0.2,BitFit,0.4714,0.4676,0.4714,0.4667,8714,9.65,0.5085
C10C_motion_blur,3,0.2,SSF,0.4758,0.4711,0.4758,0.4700,1792,19.80,0.5412
C10C_motion_blur,3,0.2,Adapter,0.4758,0.4738,0.4758,0.4723,25440,12.70,0.5520
C10C_motion_blur,3,0.2,LoRA,0.4756,0.4775,0.4756,0.4731,49704,12.58,0.8088
C10C_motion_blur,3,0.2,LFW(ours),0.4222,0.4229,0.4222,0.4210,3072,9.39,0.5231
C10C_motion_blur,3,0.2,FFT,0.4438,0.4509,0.4438,0.4409,1218186,10.60,0.5101
C10C_motion_blur,3,0.5,LinearProbe,0.4702,0.4707,0.4702,0.4681,1290,17.11,0.5126
C10C_motion_blur,3,0.5,BitFit,0.4744,0.4751,0.4744,0.4661,8714,47.01,0.5338
C10C_motion_blur,3,0.5,SSF,0.4576,0.4628,0.4576,0.4483,1792,15.37,0.5425
C10C_motion_blur,3,0.5,Adapter,0.4802,0.4790,0.4802,0.4773,25440,35.98,0.5604
C10C_motion_blur,3,0.5,LoRA,0.4854,0.4813,0.4854,0.4815,49704,44.00,0.7783
C10C_motion_blur,3,0.5,LFW(ours),0.4356,0.4367,0.4356,0.4345,3072,27.56,0.5098
C10C_motion_blur,3,0.5,FFT,0.4608,0.4718,0.4608,0.4588,1218186,28.89,0.5074
C10C_motion_blur,3,1,LinearProbe,0.4682,0.4665,0.4682,0.4651,1290,61.41,0.5246
C10C_motion_blur,3,1,BitFit,0.4826,0.4788,0.4826,0.4796,8714,70.32,0.6585
C10C_motion_blur,3,1,SSF,0.4926,0.4896,0.4926,0.4890,1792,87.01,0.4969
C10C_motion_blur,3,1,Adapter,0.4878,0.4866,0.4878,0.4836,25440,61.07,0.7022
C10C_motion_blur,3,1,LoRA,0.4902,0.4912,0.4902,0.4877,49704,104.53,0.7690
C10C_motion_blur,3,1,LFW(ours),0.4504,0.4506,0.4504,0.4483,3072,140.08,0.6769
C10C_motion_blur,3,1,FFT,0.4862,0.4826,0.4862,0.4794,1218186,42.28,0.4780
C10C_motion_blur,4,1,ZeroShot,0.3090,0.4562,0.3090,0.2638,0,0.0,0.4692
C10C_motion_blur,4,0.05,LinearProbe,0.4336,0.4378,0.4336,0.4260,1290,1.51,0.5108
C10C_motion_blur,4,0.05,BitFit,0.4680,0.4682,0.4680,0.4612,8714,3.74,0.6533
C10C_motion_blur,4,0.05,SSF,0.4676,0.4664,0.4676,0.4585,1792,5.08,0.6784
C10C_motion_blur,4,0.05,Adapter,0.4484,0.4679,0.4484,0.4373,25440,4.03,0.7181
C10C_motion_blur,4,0.05,LoRA,0.4634,0.4662,0.4634,0.4565,49704,5.80,0.9553
C10C_motion_blur,4,0.05,LFW(ours),0.4268,0.4301,0.4268,0.4224,3072,5.02,0.6441
C10C_motion_blur,4,0.05,FFT,0.4432,0.4532,0.4432,0.4439,1218186,3.65,0.6488
C10C_motion_blur,4,0.1,LinearProbe,0.4258,0.4244,0.4258,0.4217,1290,6.10,0.6476
C10C_motion_blur,4,0.1,BitFit,0.4676,0.4743,0.4676,0.4635,8714,7.76,0.4788
C10C_motion_blur,4,0.1,SSF,0.4722,0.4648,0.4722,0.4631,1792,5.80,0.4922
C10C_motion_blur,4,0.1,Adapter,0.4374,0.4684,0.4374,0.4290,25440,3.86,0.5692
C10C_motion_blur,4,0.1,LoRA,0.4772,0.4674,0.4772,0.4667,49704,8.99,0.8719
C10C_motion_blur,4,0.1,LFW(ours),0.4298,0.4337,0.4298,0.4274,3072,6.84,0.5948
C10C_motion_blur,4,0.1,FFT,0.4316,0.4385,0.4316,0.4319,1218186,8.10,0.5911
C10C_motion_blur,4,0.2,LinearProbe,0.4580,0.4519,0.4580,0.4513,1290,5.25,0.5795
C10C_motion_blur,4,0.2,BitFit,0.4788,0.4771,0.4788,0.4730,8714,11.45,0.5773
C10C_motion_blur,4,0.2,SSF,0.4836,0.4818,0.4836,0.4805,1792,25.51,0.6009
C10C_motion_blur,4,0.2,Adapter,0.4696,0.4662,0.4696,0.4658,25440,12.23,0.6296
C10C_motion_blur,4,0.2,LoRA,0.4856,0.4821,0.4856,0.4816,49704,17.40,0.8431
C10C_motion_blur,4,0.2,LFW(ours),0.4386,0.4385,0.4386,0.4345,3072,11.10,0.5761
C10C_motion_blur,4,0.2,FFT,0.4494,0.4715,0.4494,0.4450,1218186,8.62,0.5938
C10C_motion_blur,4,0.5,LinearProbe,0.4660,0.4656,0.4660,0.4628,1290,27.43,0.5790
C10C_motion_blur,4,0.5,BitFit,0.4810,0.4789,0.4810,0.4769,8714,22.52,0.5785
C10C_motion_blur,4,0.5,SSF,0.4876,0.4851,0.4876,0.4843,1792,28.36,0.6193
C10C_motion_blur,4,0.5,Adapter,0.4918,0.4905,0.4918,0.4892,25440,41.92,0.6164
C10C_motion_blur,4,0.5,LoRA,0.4948,0.4923,0.4948,0.4919,49704,39.09,0.8547
C10C_motion_blur,4,0.5,LFW(ours),0.4500,0.4539,0.4500,0.4485,3072,52.37,0.5827
C10C_motion_blur,4,0.5,FFT,0.4660,0.4675,0.4660,0.4641,1218186,27.99,0.5924
C10C_motion_blur,4,1,LinearProbe,0.4734,0.4719,0.4734,0.4699,1290,42.98,0.5880
C10C_motion_blur,4,1,BitFit,0.4958,0.4993,0.4958,0.4958,8714,96.69,0.5772
C10C_motion_blur,4,1,SSF,0.5026,0.5024,0.5026,0.5009,1792,92.66,0.5970
C10C_motion_blur,4,1,Adapter,0.4960,0.4914,0.4960,0.4916,25440,137.15,0.6773
C10C_motion_blur,4,1,LoRA,0.5054,0.5041,0.5054,0.5038,49704,78.04,0.7032
C10C_motion_blur,4,1,LFW(ours),0.4500,0.4481,0.4500,0.4468,3072,46.45,0.4537
C10C_motion_blur,4,1,FFT,0.4798,0.4921,0.4798,0.4780,1218186,36.93,0.4513
C10C_fog,0,1,ZeroShot,0.2144,0.4335,0.2144,0.1735,0,0.0,0.5207
C10C_fog,0,0.05,LinearProbe,0.2762,0.3312,0.2762,0.2721,1290,1.01,0.5144
C10C_fog,0,0.05,BitFit,0.2920,0.3208,0.2920,0.2859,8714,2.75,0.5176
C10C_fog,0,0.05,SSF,0.2678,0.3559,0.2678,0.2397,1792,1.89,0.5546
C10C_fog,0,0.05,Adapter,0.3036,0.3053,0.3036,0.2930,25440,4.94,0.5408
C10C_fog,0,0.05,LoRA,0.3354,0.3393,0.3354,0.3355,49704,5.01,0.7806
C10C_fog,0,0.05,LFW(ours),0.2640,0.2712,0.2640,0.2649,3072,4.59,0.5129
C10C_fog,0,0.05,FFT,0.3428,0.3386,0.3428,0.3373,1218186,7.27,0.4992
C10C_fog,0,0.1,LinearProbe,0.3028,0.3489,0.3028,0.2981,1290,2.04,0.4994
C10C_fog,0,0.1,BitFit,0.3306,0.3359,0.3306,0.3272,8714,6.55,0.5084
C10C_fog,0,0.1,SSF,0.3526,0.3517,0.3526,0.3468,1792,8.51,0.5280
C10C_fog,0,0.1,Adapter,0.3454,0.3577,0.3454,0.3459,25440,5.01,0.5608
C10C_fog,0,0.1,LoRA,0.3172,0.3193,0.3172,0.3146,49704,17.26,0.7836
C10C_fog,0,0.1,LFW(ours),0.2328,0.3747,0.2328,0.2036,3072,2.79,0.5062
C10C_fog,0,0.1,FFT,0.3660,0.3616,0.3660,0.3619,1218186,12.09,0.5051
C10C_fog,0,0.2,LinearProbe,0.3278,0.3356,0.3278,0.3200,1290,8.03,0.5132
C10C_fog,0,0.2,BitFit,0.3526,0.3519,0.3526,0.3444,8714,12.84,0.5139
C10C_fog,0,0.2,SSF,0.3730,0.3681,0.3730,0.3689,1792,15.25,0.5451
C10C_fog,0,0.2,Adapter,0.3610,0.3694,0.3610,0.3520,25440,15.53,0.5491
C10C_fog,0,0.2,LoRA,0.3856,0.3868,0.3856,0.3756,49704,18.55,0.7992
C10C_fog,0,0.2,LFW(ours),0.2972,0.2991,0.2972,0.2945,3072,13.62,0.5279
C10C_fog,0,0.2,FFT,0.4040,0.3992,0.4040,0.3997,1218186,19.00,0.5080
C10C_fog,0,0.5,LinearProbe,0.3446,0.3546,0.3446,0.3294,1290,24.91,0.5065
C10C_fog,0,0.5,BitFit,0.3946,0.3958,0.3946,0.3832,8714,47.98,0.5191
C10C_fog,0,0.5,SSF,0.3824,0.3776,0.3824,0.3772,1792,23.02,0.5383
C10C_fog,0,0.5,Adapter,0.3642,0.3758,0.3642,0.3632,25440,16.18,0.5652
C10C_fog,0,0.5,LoRA,0.4082,0.4116,0.4082,0.4071,49704,30.45,0.7981
C10C_fog,0,0.5,LFW(ours),0.3116,0.3185,0.3116,0.3071,3072,29.85,0.6865
C10C_fog,0,0.5,FFT,0.4284,0.4233,0.4284,0.4243,1218186,46.04,0.6631
C10C_fog,0,1,LinearProbe,0.3556,0.3520,0.3556,0.3418,1290,34.23,0.4806
C10C_fog,0,1,BitFit,0.3980,0.4173,0.3980,0.3994,8714,84.74,0.6608
C10C_fog,0,1,SSF,0.4410,0.4424,0.4410,0.4378,1792,136.39,0.7395
C10C_fog,0,1,Adapter,0.3952,0.4030,0.3952,0.3942,25440,62.40,0.7330
C10C_fog,0,1,LoRA,0.4202,0.4196,0.4202,0.4116,49704,59.11,0.7548
C10C_fog,0,1,LFW(ours),0.3226,0.3264,0.3226,0.3223,3072,94.65,0.5294
C10C_fog,0,1,FFT,0.4540,0.4520,0.4540,0.4506,1218186,87.66,0.5042
C10C_fog,1,1,ZeroShot,0.2100,0.3543,0.2100,0.1762,0,0.0,0.5372
C10C_fog,1,0.05,LinearProbe,0.2850,0.2819,0.2850,0.2785,1290,2.18,0.5241
C10C_fog,1,0.05,BitFit,0.2940,0.3372,0.2940,0.2785,8714,1.74,0.5088
C10C_fog,1,0.05,SSF,0.3038,0.3405,0.3038,0.2982,1792,2.84,0.5249
C10C_fog,1,0.05,Adapter,0.3188,0.3212,0.3188,0.3135,25440,2.25,0.5425
C10C_fog,1,0.05,LoRA,0.3176,0.3269,0.3176,0.3076,49704,4.02,0.7757
C10C_fog,1,0.05,LFW(ours),0.2476,0.2572,0.2476,0.2349,3072,3.04,0.5122
C10C_fog,1,0.05,FFT,0.3458,0.3421,0.3458,0.3408,1218186,4.99,0.5094
C10C_fog,1,0.1,LinearProbe,0.3058,0.3019,0.3058,0.3000,1290,4.02,0.5096
C10C_fog,1,0.1,BitFit,0.3154,0.3232,0.3154,0.3019,8714,6.00,0.5069
C10C_fog,1,0.1,SSF,0.3324,0.3274,0.3324,0.3180,1792,6.76,0.5503
C10C_fog,1,0.1,Adapter,0.3260,0.3292,0.3260,0.3191,25440,8.26,0.5533
C10C_fog,1,0.1,LoRA,0.3576,0.3497,0.3576,0.3463,49704,8.58,0.8009
C10C_fog,1,0.1,LFW(ours),0.2498,0.2658,0.2498,0.2357,3072,7.13,0.5113
C10C_fog,1,0.1,FFT,0.3668,0.3649,0.3668,0.3619,1218186,14.37,0.5185
C10C_fog,1,0.2,LinearProbe,0.3174,0.3293,0.3174,0.3035,1290,4.63,0.5170
C10C_fog,1,0.2,BitFit,0.3266,0.3405,0.3266,0.3242,8714,7.79,0.5122
C10C_fog,1,0.2,SSF,0.3706,0.3617,0.3706,0.3603,1792,15.13,0.5404
C10C_fog,1,0.2,Adapter,0.3350,0.3593,0.3350,0.3317,25440,8.11,0.5512
C10C_fog,1,0.2,LoRA,0.3428,0.3571,0.3428,0.3369,49704,12.18,0.9827
C10C_fog,1,0.2,LFW(ours),0.2704,0.2873,0.2704,0.2530,3072,10.71,0.6828
C10C_fog,1,0.2,FFT,0.3944,0.3864,0.3944,0.3868,1218186,26.77,0.6560
C10C_fog,1,0.5,LinearProbe,0.3346,0.3558,0.3346,0.3246,1290,20.02,0.6717
C10C_fog,1,0.5,BitFit,0.3382,0.3481,0.3382,0.3304,8714,19.06,0.4713
C10C_fog,1,0.5,SSF,0.4152,0.4147,0.4152,0.4079,1792,66.70,0.7139
C10C_fog,1,0.5,Adapter,0.3724,0.3760,0.3724,0.3612,25440,46.26,0.6845
C10C_fog,1,0.5,LoRA,0.4016,0.4072,0.4016,0.4007,49704,39.09,0.7296
C10C_fog,1,0.5,LFW(ours),0.3012,0.3049,0.3012,0.2957,3072,40.89,0.6603
C10C_fog,1,0.5,FFT,0.4228,0.4210,0.4228,0.4193,1218186,68.91,0.6459
C10C_fog,1,1,LinearProbe,0.3574,0.3637,0.3574,0.3472,1290,56.54,0.4794
C10C_fog,1,1,BitFit,0.4096,0.4183,0.4096,0.4085,8714,134.60,0.5544
C10C_fog,1,1,SSF,0.4166,0.4175,0.4166,0.4128,1792,73.18,0.5424
C10C_fog,1,1,Adapter,0.4034,0.3989,0.4034,0.3924,25440,57.85,0.5412
C10C_fog,1,1,LoRA,0.4344,0.4364,0.4344,0.4325,49704,75.27,0.7880
C10C_fog,1,1,LFW(ours),0.3216,0.3213,0.3216,0.3144,3072,85.98,0.6420
C10C_fog,1,1,FFT,0.4588,0.4578,0.4588,0.4555,1218186,88.67,0.5077
C10C_fog,2,1,ZeroShot,0.1900,0.3894,0.1900,0.1315,0,0.0,0.5134
C10C_fog,2,0.05,LinearProbe,0.2608,0.3099,0.2608,0.2440,1290,0.96,0.5043
C10C_fog,2,0.05,BitFit,0.2900,0.3151,0.2900,0.2704,8714,2.38,0.4949
C10C_fog,2,0.05,SSF,0.2944,0.3178,0.2944,0.2784,1792,3.29,0.5252
C10C_fog,2,0.05,Adapter,0.3072,0.3150,0.3072,0.3043,25440,4.75,0.5402
C10C_fog,2,0.05,LoRA,0.2988,0.3146,0.2988,0.2799,49704,2.69,0.7699
C10C_fog,2,0.05,LFW(ours),0.2596,0.2783,0.2596,0.2513,3072,3.18,0.5049
C10C_fog,2,0.05,FFT,0.3448,0.3381,0.3448,0.3358,1218186,6.21,0.5137
C10C_fog,2,0.1,LinearProbe,0.2960,0.2915,0.2960,0.2910,1290,4.35,0.5100
C10C_fog,2,0.1,BitFit,0.3088,0.3190,0.3088,0.2854,8714,4.34,0.5100
C10C_fog,2,0.1,SSF,0.3248,0.3247,0.3248,0.3068,1792,7.03,0.5404
C10C_fog,2,0.1,Adapter,0.3198,0.3238,0.3198,0.3077,25440,5.45,0.5424
C10C_fog,2,0.1,LoRA,0.3422,0.3455,0.3422,0.3344,49704,7.01,0.7836
C10C_fog,2,0.1,LFW(ours),0.2576,0.2715,0.2576,0.2559,3072,6.98,0.5243
C10C_fog,2,0.1,FFT,0.3722,0.3706,0.3722,0.3707,1218186,13.90,0.5045
C10C_fog,2,0.2,LinearProbe,0.3158,0.3288,0.3158,0.3090,1290,6.65,0.5110
C10C_fog,2,0.2,BitFit,0.3282,0.3314,0.3282,0.3212,8714,9.20,0.5305
C10C_fog,2,0.2,SSF,0.3724,0.3662,0.3724,0.3647,1792,25.71,0.7284
C10C_fog,2,0.2,Adapter,0.3366,0.3585,0.3366,0.3373,25440,14.34,0.6955
C10C_fog,2,0.2,LoRA,0.3664,0.3624,0.3664,0.3554,49704,17.01,1.0240
C10C_fog,2,0.2,LFW(ours),0.2824,0.2966,0.2824,0.2847,3072,11.88,0.6733
C10C_fog,2,0.2,FFT,0.4006,0.3949,0.4006,0.3967,1218186,29.01,0.4842
C10C_fog,2,0.5,LinearProbe,0.3340,0.3314,0.3340,0.3258,1290,18.53,0.4960
C10C_fog,2,0.5,BitFit,0.3784,0.3762,0.3784,0.3744,8714,57.12,0.7195
C10C_fog,2,0.5,SSF,0.4064,0.4028,0.4064,0.4003,1792,60.02,0.5408
C10C_fog,2,0.5,Adapter,0.3842,0.3796,0.3842,0.3744,25440,27.83,0.7711
C10C_fog,2,0.5,LoRA,0.4106,0.4097,0.4106,0.4076,49704,61.66,1.0848
C10C_fog,2,0.5,LFW(ours),0.2994,0.3010,0.2994,0.2955,3072,32.39,0.6559
C10C_fog,2,0.5,FFT,0.4346,0.4274,0.4346,0.4277,1218186,57.31,0.5496
C10C_fog,2,1,LinearProbe,0.3458,0.3513,0.3458,0.3416,1290,24.21,0.7396
C10C_fog,2,1,BitFit,0.4170,0.4312,0.4170,0.4153,8714,152.01,0.5194
C10C_fog,2,1,SSF,0.4268,0.4215,0.4268,0.4201,1792,74.93,0.5371
C10C_fog,2,1,Adapter,0.3858,0.3881,0.3858,0.3747,25440,68.64,0.5550
C10C_fog,2,1,LoRA,0.4266,0.4283,0.4266,0.4193,49704,61.98,0.7755
C10C_fog,2,1,LFW(ours),0.3248,0.3298,0.3248,0.3231,3072,74.23,0.6026
C10C_fog,2,1,FFT,0.4558,0.4573,0.4558,0.4542,1218186,108.25,0.5533
C10C_fog,3,1,ZeroShot,0.1772,0.3529,0.1772,0.1285,0,0.0,0.5662
C10C_fog,3,0.05,LinearProbe,0.2638,0.2949,0.2638,0.2604,1290,1.58,0.5628
C10C_fog,3,0.05,BitFit,0.2978,0.3249,0.2978,0.2814,8714,2.21,0.5577
C10C_fog,3,0.05,SSF,0.3138,0.3247,0.3138,0.3035,1792,3.27,0.5847
C10C_fog,3,0.05,Adapter,0.3006,0.2961,0.3006,0.2949,25440,3.49,0.5976
C10C_fog,3,0.05,LoRA,0.3190,0.3271,0.3190,0.3207,49704,5.75,0.8265
C10C_fog,3,0.05,LFW(ours),0.2480,0.2599,0.2480,0.2434,3072,3.37,0.5643
C10C_fog,3,0.05,FFT,0.3016,0.3195,0.3016,0.2944,1218186,3.97,0.5636
C10C_fog,3,0.1,LinearProbe,0.2900,0.3019,0.2900,0.2630,1290,2.56,0.5624
C10C_fog,3,0.1,BitFit,0.3152,0.3204,0.3152,0.3053,8714,7.32,0.5610
C10C_fog,3,0.1,SSF,0.3456,0.3441,0.3456,0.3400,1792,13.74,0.5869
C10C_fog,3,0.1,Adapter,0.3258,0.3354,0.3258,0.3213,25440,8.26,0.6202
C10C_fog,3,0.1,LoRA,0.3370,0.3371,0.3370,0.3286,49704,7.80,0.8295
C10C_fog,3,0.1,LFW(ours),0.2616,0.2684,0.2616,0.2580,3072,10.97,0.5620
C10C_fog,3,0.1,FFT,0.3072,0.3209,0.3072,0.3006,1218186,5.72,0.5746
C10C_fog,3,0.2,LinearProbe,0.3344,0.3320,0.3344,0.3302,1290,7.36,0.5608
C10C_fog,3,0.2,BitFit,0.3492,0.3465,0.3492,0.3451,8714,22.07,0.5537
C10C_fog,3,0.2,SSF,0.3972,0.3929,0.3972,0.3923,1792,27.55,0.5803
C10C_fog,3,0.2,Adapter,0.3188,0.3276,0.3188,0.3085,25440,7.31,0.5975
C10C_fog,3,0.2,LoRA,0.3750,0.3881,0.3750,0.3774,49704,15.20,0.8224
C10C_fog,3,0.2,LFW(ours),0.2792,0.2811,0.2792,0.2752,3072,27.78,0.5683
C10C_fog,3,0.2,FFT,0.4006,0.4004,0.4006,0.4000,1218186,29.28,0.5608
C10C_fog,3,0.5,LinearProbe,0.3326,0.3577,0.3326,0.3370,1290,11.17,0.5530
C10C_fog,3,0.5,BitFit,0.3448,0.3471,0.3448,0.3337,8714,24.54,0.5586
C10C_fog,3,0.5,SSF,0.4204,0.4178,0.4204,0.4145,1792,51.69,0.5957
C10C_fog,3,0.5,Adapter,0.3640,0.3657,0.3640,0.3577,25440,37.83,0.6058
C10C_fog,3,0.5,LoRA,0.3912,0.3880,0.3912,0.3882,49704,65.85,0.8260
C10C_fog,3,0.5,LFW(ours),0.3010,0.3169,0.3010,0.2991,3072,32.43,0.5648
C10C_fog,3,0.5,FFT,0.4372,0.4362,0.4372,0.4349,1218186,55.31,0.5617
C10C_fog,3,1,LinearProbe,0.3464,0.3556,0.3464,0.3414,1290,19.67,0.5651
C10C_fog,3,1,BitFit,0.4062,0.4037,0.4062,0.3986,8714,123.38,0.5770
C10C_fog,3,1,SSF,0.4384,0.4405,0.4384,0.4322,1792,101.80,0.6238
C10C_fog,3,1,Adapter,0.4032,0.3972,0.4032,0.3921,25440,81.19,0.6290
C10C_fog,3,1,LoRA,0.4308,0.4285,0.4308,0.4266,49704,94.20,0.8285
C10C_fog,3,1,LFW(ours),0.3062,0.3022,0.3062,0.2961,3072,81.13,0.5700
C10C_fog,3,1,FFT,0.4704,0.4717,0.4704,0.4688,1218186,97.47,0.5857
C10C_fog,4,1,ZeroShot,0.1804,0.3143,0.1804,0.1243,0,0.0,0.6189
C10C_fog,4,0.05,LinearProbe,0.2750,0.3097,0.2750,0.2616,1290,1.16,0.5927
C10C_fog,4,0.05,BitFit,0.3012,0.3197,0.3012,0.2856,8714,3.62,0.5599
C10C_fog,4,0.05,SSF,0.2956,0.3187,0.2956,0.2732,1792,3.46,0.5844
C10C_fog,4,0.05,Adapter,0.3100,0.3292,0.3100,0.2899,25440,2.17,0.6204
C10C_fog,4,0.05,LoRA,0.3168,0.3210,0.3168,0.2983,49704,3.04,0.8253
C10C_fog,4,0.05,LFW(ours),0.2478,0.2690,0.2478,0.2331,3072,3.98,0.5644
C10C_fog,4,0.05,FFT,0.3294,0.3261,0.3294,0.3187,1218186,5.24,0.5536
C10C_fog,4,0.1,LinearProbe,0.2974,0.3041,0.2974,0.2922,1290,3.73,0.5601
C10C_fog,4,0.1,BitFit,0.2952,0.3160,0.2952,0.2764,8714,4.60,0.5667
C10C_fog,4,0.1,SSF,0.3090,0.3127,0.3090,0.2948,1792,6.77,0.5885
C10C_fog,4,0.1,Adapter,0.3196,0.3336,0.3196,0.3077,25440,13.47,0.6036
C10C_fog,4,0.1,LoRA,0.3578,0.3554,0.3578,0.3492,49704,11.05,0.8538
C10C_fog,4,0.1,LFW(ours),0.2730,0.2787,0.2730,0.2720,3072,11.68,0.5693
C10C_fog,4,0.1,FFT,0.3750,0.3680,0.3750,0.3638,1218186,11.63,0.5714
C10C_fog,4,0.2,LinearProbe,0.3220,0.3259,0.3220,0.3162,1290,6.37,0.5705
C10C_fog,4,0.2,BitFit,0.3422,0.3354,0.3422,0.3356,8714,16.97,0.5739
C10C_fog,4,0.2,SSF,0.3942,0.3891,0.3942,0.3893,1792,25.60,0.5818
C10C_fog,4,0.2,Adapter,0.3426,0.3598,0.3426,0.3444,25440,23.04,0.5936
C10C_fog,4,0.2,LoRA,0.3720,0.3714,0.3720,0.3674,49704,21.23,0.8229
C10C_fog,4,0.2,LFW(ours),0.2864,0.2891,0.2864,0.2825,3072,15.11,0.5555
C10C_fog,4,0.2,FFT,0.3934,0.3899,0.3934,0.3877,1218186,19.88,0.5547
C10C_fog,4,0.5,LinearProbe,0.3232,0.3291,0.3232,0.3148,1290,14.07,0.5568
C10C_fog,4,0.5,BitFit,0.3706,0.3723,0.3706,0.3682,8714,36.06,0.5565
C10C_fog,4,0.5,SSF,0.4040,0.3958,0.4040,0.3969,1792,38.00,0.5937
C10C_fog,4,0.5,Adapter,0.3866,0.3916,0.3866,0.3857,25440,33.81,0.6254
C10C_fog,4,0.5,LoRA,0.3908,0.3979,0.3908,0.3847,49704,31.38,0.8354
C10C_fog,4,0.5,LFW(ours),0.2978,0.3021,0.2978,0.2956,3072,32.83,0.6770
C10C_fog,4,0.5,FFT,0.4356,0.4319,0.4356,0.4322,1218186,40.87,0.7287
C10C_fog,4,1,LinearProbe,0.3294,0.3471,0.3294,0.3186,1290,33.44,0.5614
C10C_fog,4,1,BitFit,0.4232,0.4273,0.4232,0.4230,8714,138.24,0.5698
C10C_fog,4,1,SSF,0.4440,0.4436,0.4440,0.4411,1792,92.24,0.5997
C10C_fog,4,1,Adapter,0.3996,0.4017,0.3996,0.3951,25440,63.53,0.5893
C10C_fog,4,1,LoRA,0.4278,0.4296,0.4278,0.4254,49704,108.42,0.8368
C10C_fog,4,1,LFW(ours),0.3114,0.3073,0.3114,0.3070,3072,70.32,0.5810
C10C_fog,4,1,FFT,0.4538,0.4615,0.4538,0.4557,1218186,144.08,0.5564
C10C_brightness,0,1,ZeroShot,0.4834,0.5342,0.4834,0.4799,0,0.0,0.5632
C10C_brightness,0,0.05,LinearProbe,0.5268,0.5353,0.5268,0.5259,1290,1.02,0.5602
C10C_brightness,0,0.05,BitFit,0.5262,0.5333,0.5262,0.5187,8714,1.66,0.5612
C10C_brightness,0,0.05,SSF,0.5280,0.5348,0.5280,0.5235,1792,1.95,0.5842
C10C_brightness,0,0.05,Adapter,0.5254,0.5312,0.5254,0.5208,25440,1.84,0.6004
C10C_brightness,0,0.05,LoRA,0.5252,0.5320,0.5252,0.5213,49704,3.08,0.8274
C10C_brightness,0,0.05,LFW(ours),0.4934,0.5093,0.4934,0.4871,3072,3.08,0.5668
C10C_brightness,0,0.05,FFT,0.5410,0.5372,0.5410,0.5350,1218186,3.61,0.5701
C10C_brightness,0,0.1,LinearProbe,0.5190,0.5229,0.5190,0.5167,1290,2.54,0.5679
C10C_brightness,0,0.1,BitFit,0.5358,0.5380,0.5358,0.5345,8714,8.56,0.5656
C10C_brightness,0,0.1,SSF,0.5380,0.5388,0.5380,0.5358,1792,5.55,0.5904
C10C_brightness,0,0.1,Adapter,0.5320,0.5375,0.5320,0.5318,25440,7.71,0.6013
C10C_brightness,0,0.1,LoRA,0.5296,0.5356,0.5296,0.5293,49704,6.38,0.8578
C10C_brightness,0,0.1,LFW(ours),0.4938,0.5082,0.4938,0.4834,3072,3.98,0.5624
C10C_brightness,0,0.1,FFT,0.5334,0.5330,0.5334,0.5268,1218186,5.06,0.5786
C10C_brightness,0,0.2,LinearProbe,0.5284,0.5223,0.5284,0.5240,1290,8.18,0.5717
C10C_brightness,0,0.2,BitFit,0.5484,0.5465,0.5484,0.5451,8714,10.08,0.5694
C10C_brightness,0,0.2,SSF,0.5324,0.5292,0.5324,0.5242,1792,6.59,0.6054
C10C_brightness,0,0.2,Adapter,0.5354,0.5313,0.5354,0.5311,25440,13.93,0.6066
C10C_brightness,0,0.2,LoRA,0.5392,0.5357,0.5392,0.5354,49704,13.87,0.8294
C10C_brightness,0,0.2,LFW(ours),0.5042,0.5056,0.5042,0.4983,3072,18.42,0.5765
C10C_brightness,0,0.2,FFT,0.5522,0.5467,0.5522,0.5480,1218186,28.26,0.5726
C10C_brightness,0,0.5,LinearProbe,0.5356,0.5381,0.5356,0.5362,1290,15.63,0.6800
C10C_brightness,0,0.5,BitFit,0.5548,0.5499,0.5548,0.5511,8714,31.01,0.7044
C10C_brightness,0,0.5,SSF,0.5536,0.5512,0.5536,0.5514,1792,68.55,0.7356
C10C_brightness,0,0.5,Adapter,0.5548,0.5531,0.5548,0.5512,25440,26.93,0.5675
C10C_brightness,0,0.5,LoRA,0.5556,0.5515,0.5556,0.5518,49704,25.13,0.8053
C10C_brightness,0,0.5,LFW(ours),0.5098,0.5219,0.5098,0.5056,3072,15.12,0.5085
C10C_brightness,0,0.5,FFT,0.5594,0.5583,0.5594,0.5584,1218186,20.76,0.5041
C10C_brightness,0,1,LinearProbe,0.5400,0.5388,0.5400,0.5362,1290,31.79,0.5160
C10C_brightness,0,1,BitFit,0.5694,0.5702,0.5694,0.5673,8714,77.81,0.5232
C10C_brightness,0,1,SSF,0.5626,0.5624,0.5626,0.5600,1792,70.35,0.5603
C10C_brightness,0,1,Adapter,0.5630,0.5608,0.5630,0.5603,25440,70.96,0.7594
C10C_brightness,0,1,LoRA,0.5534,0.5544,0.5534,0.5488,49704,77.81,0.7371
C10C_brightness,0,1,LFW(ours),0.5198,0.5203,0.5198,0.5135,3072,34.11,0.6705
C10C_brightness,0,1,FFT,0.5708,0.5713,0.5708,0.5697,1218186,106.71,0.4818
C10C_brightness,1,1,ZeroShot,0.4508,0.5093,0.4508,0.4521,0,0.0,0.6599
C10C_brightness,1,0.05,LinearProbe,0.4960,0.4922,0.4960,0.4861,1290,1.46,0.7182
C10C_brightness,1,0.05,BitFit,0.4946,0.4997,0.4946,0.4840,8714,2.11,0.6529
C10C_brightness,1,0.05,SSF,0.4988,0.5046,0.4988,0.4909,1792,2.35,0.6856
C10C_brightness,1,0.05,Adapter,0.5062,0.5025,0.5062,0.4989,25440,3.61,0.7212
C10C_brightness,1,0.05,LoRA,0.5068,0.5033,0.5068,0.5007,49704,4.71,1.0312
C10C_brightness,1,0.05,LFW(ours),0.4648,0.5026,0.4648,0.4604,3072,2.03,0.7071
C10C_brightness,1,0.05,FFT,0.4966,0.5032,0.4966,0.4880,1218186,3.10,0.6705
C10C_brightness,1,0.1,LinearProbe,0.4930,0.4921,0.4930,0.4878,1290,2.03,0.6598
C10C_brightness,1,0.1,BitFit,0.5100,0.5129,0.5100,0.5063,8714,5.85,0.6800
C10C_brightness,1,0.1,SSF,0.5078,0.5070,0.5078,0.5056,1792,8.82,0.6988
C10C_brightness,1,0.1,Adapter,0.5020,0.5089,0.5020,0.4975,25440,9.20,0.7234
C10C_brightness,1,0.1,LoRA,0.5136,0.5121,0.5136,0.5104,49704,8.81,0.9521
C10C_brightness,1,0.1,LFW(ours),0.4818,0.4969,0.4818,0.4761,3072,5.45,0.6876
C10C_brightness,1,0.1,FFT,0.5228,0.5219,0.5228,0.5214,1218186,8.42,0.4941
C10C_brightness,1,0.2,LinearProbe,0.4908,0.4880,0.4908,0.4883,1290,5.23,0.5033
C10C_brightness,1,0.2,BitFit,0.5172,0.5231,0.5172,0.5179,8714,10.88,0.5418
C10C_brightness,1,0.2,SSF,0.5108,0.5052,0.5108,0.5024,1792,6.85,0.5752
C10C_brightness,1,0.2,Adapter,0.5154,0.5177,0.5154,0.5138,25440,18.62,0.7711
C10C_brightness,1,0.2,LoRA,0.5218,0.5222,0.5218,0.5210,49704,13.36,0.9819
C10C_brightness,1,0.2,LFW(ours),0.4930,0.4980,0.4930,0.4904,3072,15.74,0.6497
C10C_brightness,1,0.2,FFT,0.5308,0.5279,0.5308,0.5281,1218186,12.41,0.4687
C10C_brightness,1,0.5,LinearProbe,0.5094,0.5138,0.5094,0.5078,1290,16.19,0.5082
C10C_brightness,1,0.5,BitFit,0.5258,0.5304,0.5258,0.5265,8714,35.92,0.5899
C10C_brightness,1,0.5,SSF,0.5334,0.5298,0.5334,0.5300,1792,22.79,0.6065
C10C_brightness,1,0.5,Adapter,0.5256,0.5281,0.5256,0.5249,25440,35.87,0.4927
C10C_brightness,1,0.5,LoRA,0.5362,0.5350,0.5362,0.5342,49704,27.35,0.6996
C10C_brightness,1,0.5,LFW(ours),0.5038,0.5100,0.5038,0.4988,3072,16.82,0.6216
C10C_brightness,1,0.5,FFT,0.5460,0.5462,0.5460,0.5450,1218186,50.92,0.6476
C10C_brightness,1,1,LinearProbe,0.5028,0.5011,0.5028,0.4993,1290,17.62,0.5813
C10C_brightness,1,1,BitFit,0.5468,0.5463,0.5468,0.5443,8714,92.66,0.5714
C10C_brightness,1,1,SSF,0.5458,0.5437,0.5458,0.5430,1792,55.91,0.6161
C10C_brightness,1,1,Adapter,0.5436,0.5446,0.5436,0.5406,25440,44.24,0.5386
C10C_brightness,1,1,LoRA,0.5418,0.5368,0.5418,0.5372,49704,47.41,0.8351
C10C_brightness,1,1,LFW(ours),0.4982,0.5008,0.4982,0.4935,3072,69.05,0.5993
C10C_brightness,1,1,FFT,0.5612,0.5598,0.5612,0.5597,1218186,59.26,0.5802
C10C_brightness,2,1,ZeroShot,0.4602,0.5148,0.4602,0.4610,0,0.0,0.5864
C10C_brightness,2,0.05,LinearProbe,0.5016,0.4979,0.5016,0.4968,1290,1.36,0.5977
C10C_brightness,2,0.05,BitFit,0.5126,0.5161,0.5126,0.5090,8714,3.82,0.5680
C10C_brightness,2,0.05,SSF,0.5210,0.5183,0.5210,0.5177,1792,3.76,0.6004
C10C_brightness,2,0.05,Adapter,0.5182,0.5143,0.5182,0.5131,25440,4.95,0.6178
C10C_brightness,2,0.05,LoRA,0.5118,0.5063,0.5118,0.5027,49704,3.56,0.9033
C10C_brightness,2,0.05,LFW(ours),0.4886,0.4973,0.4886,0.4854,3072,3.00,0.5831
C10C_brightness,2,0.05,FFT,0.5214,0.5168,0.5214,0.5149,1218186,4.25,0.5742
C10C_brightness,2,0.1,LinearProbe,0.4946,0.4916,0.4946,0.4924,1290,4.44,0.5740
C10C_brightness,2,0.1,BitFit,0.5136,0.5129,0.5136,0.5059,8714,10.44,0.5836
C10C_brightness,2,0.1,SSF,0.5196,0.5229,0.5196,0.5175,1792,7.19,0.6303
C10C_brightness,2,0.1,Adapter,0.4992,0.5091,0.4992,0.4946,25440,7.25,0.6623
C10C_brightness,2,0.1,LoRA,0.5054,0.5086,0.5054,0.5044,49704,8.24,0.7239
C10C_brightness,2,0.1,LFW(ours),0.4728,0.4724,0.4728,0.4702,3072,7.90,0.4896
C10C_brightness,2,0.1,FFT,0.5276,0.5233,0.5276,0.5210,1218186,5.18,0.4598
C10C_brightness,2,0.2,LinearProbe,0.4990,0.5004,0.4990,0.4972,1290,5.28,0.5713
C10C_brightness,2,0.2,BitFit,0.5222,0.5198,0.5222,0.5163,8714,12.23,0.5806
C10C_brightness,2,0.2,SSF,0.5338,0.5318,0.5338,0.5304,1792,17.59,0.6028
C10C_brightness,2,0.2,Adapter,0.5136,0.5131,0.5136,0.5101,25440,23.27,0.6691
C10C_brightness,2,0.2,LoRA,0.5264,0.5293,0.5264,0.5260,49704,16.22,0.8111
C10C_brightness,2,0.2,LFW(ours),0.4898,0.4953,0.4898,0.4864,3072,20.18,0.5221
C10C_brightness,2,0.2,FFT,0.5420,0.5403,0.5420,0.5401,1218186,12.74,0.5026
C10C_brightness,2,0.5,LinearProbe,0.5072,0.5125,0.5072,0.5069,1290,11.28,0.5781
C10C_brightness,2,0.5,BitFit,0.5412,0.5416,0.5412,0.5392,8714,32.22,0.5945
C10C_brightness,2,0.5,SSF,0.5454,0.5428,0.5454,0.5427,1792,51.63,0.6135
C10C_brightness,2,0.5,Adapter,0.5370,0.5426,0.5370,0.5351,25440,24.18,0.6372
C10C_brightness,2,0.5,LoRA,0.5430,0.5527,0.5430,0.5449,49704,28.16,0.7071
C10C_brightness,2,0.5,LFW(ours),0.5058,0.5121,0.5058,0.5027,3072,33.59,0.6054
C10C_brightness,2,0.5,FFT,0.5500,0.5474,0.5500,0.5476,1218186,28.55,0.5840
C10C_brightness,2,1,LinearProbe,0.5214,0.5223,0.5214,0.5196,1290,53.19,0.4923
C10C_brightness,2,1,BitFit,0.5472,0.5562,0.5472,0.5482,8714,84.87,0.5265
C10C_brightness,2,1,SSF,0.5484,0.5486,0.5484,0.5469,1792,39.47,0.5383
C10C_brightness,2,1,Adapter,0.5478,0.5496,0.5478,0.5469,25440,78.48,0.6195
C10C_brightness,2,1,LoRA,0.5464,0.5537,0.5464,0.5469,49704,43.22,0.8302
C10C_brightness,2,1,LFW(ours),0.5122,0.5165,0.5122,0.5115,3072,87.57,0.6167
C10C_brightness,2,1,FFT,0.5648,0.5621,0.5648,0.5622,1218186,78.71,0.5346
C10C_brightness,3,1,ZeroShot,0.4220,0.5002,0.4220,0.4099,0,0.0,0.5195
C10C_brightness,3,0.05,LinearProbe,0.4632,0.4973,0.4632,0.4603,1290,0.74,0.5156
C10C_brightness,3,0.05,BitFit,0.5118,0.5163,0.5118,0.5072,8714,2.18,0.5068
C10C_brightness,3,0.05,SSF,0.5090,0.5148,0.5090,0.5044,1792,2.33,0.5511
C10C_brightness,3,0.05,Adapter,0.5022,0.4985,0.5022,0.4986,25440,4.38,0.5962
C10C_brightness,3,0.05,LoRA,0.5084,0.5107,0.5084,0.5063,49704,4.19,0.9039
C10C_brightness,3,0.05,LFW(ours),0.4568,0.4793,0.4568,0.4533,3072,1.99,0.5098
C10C_brightness,3,0.05,FFT,0.5066,0.5073,0.5066,0.5014,1218186,2.63,0.5013
C10C_brightness,3,0.1,LinearProbe,0.4830,0.4871,0.4830,0.4823,1290,2.95,0.5136
C10C_brightness,3,0.1,BitFit,0.5092,0.5228,0.5092,0.5080,8714,3.86,0.5304
C10C_brightness,3,0.1,SSF,0.5266,0.5296,0.5266,0.5250,1792,6.22,0.5311
C10C_brightness,3,0.1,Adapter,0.5084,0.5249,0.5084,0.5067,25440,4.09,0.5457
C10C_brightness,3,0.1,LoRA,0.5102,0.5235,0.5102,0.5096,49704,5.49,0.7726
C10C_brightness,3,0.1,LFW(ours),0.4220,0.5002,0.4220,0.4099,3072,2.39,0.5014
C10C_brightness,3,0.1,FFT,0.5338,0.5367,0.5338,0.5330,1218186,7.71,0.5017
C10C_brightness,3,0.2,LinearProbe,0.4962,0.4918,0.4962,0.4908,1290,2.96,0.5081
C10C_brightness,3,0.2,BitFit,0.5300,0.5267,0.5300,0.5260,8714,9.82,0.5031
C10C_brightness,3,0.2,SSF,0.5384,0.5359,0.5384,0.5350,1792,17.69,0.5285
C10C_brightness,3,0.2,Adapter,0.5156,0.5127,0.5156,0.5120,25440,13.63,0.5453
C10C_brightness,3,0.2,LoRA,0.5280,0.5304,0.5280,0.5282,49704,12.99,0.7812
C10C_brightness,3,0.2,LFW(ours),0.4852,0.4911,0.4852,0.4829,3072,8.37,0.5126
C10C_brightness,3,0.2,FFT,0.5364,0.5370,0.5364,0.5356,1218186,16.78,0.5187
C10C_brightness,3,0.5,LinearProbe,0.5088,0.5091,0.5088,0.5067,1290,28.42,0.6761
C10C_brightness,3,0.5,BitFit,0.5484,0.5488,0.5484,0.5465,8714,29.28,0.6771
C10C_brightness,3,0.5,SSF,0.5402,0.5378,0.5402,0.5376,1792,25.05,0.6759
C10C_brightness,3,0.5,Adapter,0.5354,0.5381,0.5354,0.5358,25440,25.83,0.5221
C10C_brightness,3,0.5,LoRA,0.5346,0.5358,0.5346,0.5333,49704,40.48,0.9822
C10C_brightness,3,0.5,LFW(ours),0.5000,0.5073,0.5000,0.4961,3072,34.64,0.6529
C10C_brightness,3,0.5,FFT,0.5628,0.5608,0.5628,0.5613,1218186,40.58,0.4902
C10C_brightness,3,1,LinearProbe,0.5156,0.5191,0.5156,0.5147,1290,40.00,0.6638
C10C_brightness,3,1,BitFit,0.5488,0.5515,0.5488,0.5481,8714,91.17,0.6310
C10C_brightness,3,1,SSF,0.5556,0.5577,0.5556,0.5557,1792,101.97,0.5575
C10C_brightness,3,1,Adapter,0.5406,0.5404,0.5406,0.5355,25440,31.31,0.5534
C10C_brightness,3,1,LoRA,0.5568,0.5554,0.5568,0.5522,49704,47.91,0.7869
C10C_brightness,3,1,LFW(ours),0.5096,0.5161,0.5096,0.5061,3072,51.41,0.5159
C10C_brightness,3,1,FFT,0.5688,0.5648,0.5688,0.5655,1218186,53.08,0.5125
C10C_brightness,4,1,ZeroShot,0.4486,0.5080,0.4486,0.4403,0,0.0,0.6279
C10C_brightness,4,0.05,LinearProbe,0.4930,0.4885,0.4930,0.4848,1290,1.56,0.6920
C10C_brightness,4,0.05,BitFit,0.5072,0.5169,0.5072,0.5047,8714,2.08,0.6608
C10C_brightness,4,0.05,SSF,0.5124,0.5156,0.5124,0.5084,1792,6.57,0.6924
C10C_brightness,4,0.05,Adapter,0.4944,0.5024,0.4944,0.4871,25440,4.98,0.7046
C10C_brightness,4,0.05,LoRA,0.4884,0.4893,0.4884,0.4829,49704,6.84,0.9518
C10C_brightness,4,0.05,LFW(ours),0.4830,0.4838,0.4830,0.4765,3072,4.42,0.6463
C10C_brightness,4,0.05,FFT,0.5248,0.5209,0.5248,0.5184,1218186,4.99,0.6749
C10C_brightness,4,0.1,LinearProbe,0.4934,0.4907,0.4934,0.4846,1290,2.79,0.6648
C10C_brightness,4,0.1,BitFit,0.5126,0.5117,0.5126,0.5063,8714,4.29,0.6322
C10C_brightness,4,0.1,SSF,0.5234,0.5207,0.5234,0.5191,1792,4.77,0.6548
C10C_brightness,4,0.1,Adapter,0.5094,0.5121,0.5094,0.5001,25440,4.33,0.5654
C10C_brightness,4,0.1,LoRA,0.5154,0.5137,0.5154,0.5088,49704,4.18,0.8072
C10C_brightness,4,0.1,LFW(ours),0.4874,0.4955,0.4874,0.4835,3072,3.74,0.5535
C10C_brightness,4,0.1,FFT,0.5254,0.5214,0.5254,0.5192,1218186,4.65,0.5140
C10C_brightness,4,0.2,LinearProbe,0.5014,0.4987,0.5014,0.4988,1290,12.58,0.5186
C10C_brightness,4,0.2,BitFit,0.5232,0.5286,0.5232,0.5175,8714,6.80,0.5031
C10C_brightness,4,0.2,SSF,0.5334,0.5327,0.5334,0.5290,1792,8.63,0.5371
C10C_brightness,4,0.2,Adapter,0.5316,0.5347,0.5316,0.5285,25440,9.10,0.5461
C10C_brightness,4,0.2,LoRA,0.5260,0.5257,0.5260,0.5236,49704,13.73,0.7811
C10C_brightness,4,0.2,LFW(ours),0.5024,0.5061,0.5024,0.4993,3072,8.37,0.5137
C10C_brightness,4,0.2,FFT,0.5408,0.5378,0.5408,0.5382,1218186,10.74,0.5259
C10C_brightness,4,0.5,LinearProbe,0.5084,0.5079,0.5084,0.5054,1290,8.71,0.5123
C10C_brightness,4,0.5,BitFit,0.5296,0.5294,0.5296,0.5274,8714,14.39,0.5084
C10C_brightness,4,0.5,SSF,0.5400,0.5464,0.5400,0.5394,1792,35.38,0.5322
C10C_brightness,4,0.5,Adapter,0.5324,0.5332,0.5324,0.5277,25440,22.59,0.5551
C10C_brightness,4,0.5,LoRA,0.5382,0.5403,0.5382,0.5371,49704,33.83,0.9598
C10C_brightness,4,0.5,LFW(ours),0.5106,0.5162,0.5106,0.5081,3072,38.14,0.6649
C10C_brightness,4,0.5,FFT,0.5482,0.5514,0.5482,0.5489,1218186,39.21,0.4812
C10C_brightness,4,1,LinearProbe,0.5144,0.5119,0.5144,0.5102,1290,13.90,0.4929
C10C_brightness,4,1,BitFit,0.5432,0.5436,0.5432,0.5414,8714,62.33,0.6740
C10C_brightness,4,1,SSF,0.5582,0.5571,0.5582,0.5560,1792,73.00,0.5176
C10C_brightness,4,1,Adapter,0.5404,0.5421,0.5404,0.5383,25440,40.22,0.7366
C10C_brightness,4,1,LoRA,0.5438,0.5517,0.5438,0.5417,49704,65.03,0.9888
C10C_brightness,4,1,LFW(ours),0.5190,0.5215,0.5190,0.5159,3072,67.08,0.4785
C10C_brightness,4,1,FFT,0.5586,0.5604,0.5586,0.5587,1218186,69.93,0.6456
