dataset,seed,variant,f1,acc,sparsity,w_min,w_max
HAR,0,none,0.942564,0.943652,0.0000,1.0000,1.0000
HAR,0,w-plain,0.953226,0.954515,0.0000,0.9500,1.0500
HAR,0,w-nonneg,0.953226,0.954515,0.0000,0.9500,1.0500
HAR,0,w-reg,0.953176,0.954515,0.0000,0.9500,1.0500
HAR,0,w-reg-nonneg,0.953176,0.954515,0.0000,0.9500,1.0500
HAR,0,full,0.942564,0.943652,0.0000,1.0000,1.0000
HAR,0,w-affine,0.942564,0.943652,0.0000,1.0000,1.0000
HAR,1,none,0.934812,0.935506,0.0000,1.0000,1.0000
HAR,1,w-plain,0.948214,0.949084,0.0000,0.6513,1.3494
HAR,1,w-nonneg,0.948214,0.949084,0.0000,0.6513,1.3494
HAR,1,w-reg,0.949567,0.950441,0.0000,0.6513,1.3494
HAR,1,w-reg-nonneg,0.949567,0.950441,0.0000,0.6513,1.3494
HAR,1,full,0.949567,0.950441,0.0000,0.6513,1.3494
HAR,1,w-affine,0.954425,0.955193,0.0000,0.4814,1.5272
HAR,2,none,0.937083,0.936864,0.0000,1.0000,1.0000
HAR,2,w-plain,0.943864,0.943652,0.0000,0.5643,1.4400
HAR,2,w-nonneg,0.943864,0.943652,0.0000,0.5643,1.4400
HAR,2,w-reg,0.939307,0.938900,0.0000,0.6036,1.3956
HAR,2,w-reg-nonneg,0.939307,0.938900,0.0000,0.6036,1.3956
HAR,2,full,0.939307,0.938900,0.0000,0.6036,1.3956
HAR,2,w-affine,0.944389,0.944331,0.0000,0.6536,1.3487
HAR,3,none,0.946436,0.946368,0.0000,1.0000,1.0000
HAR,3,w-plain,0.948662,0.948405,0.0000,0.9500,1.0500
HAR,3,w-nonneg,0.948662,0.948405,0.0000,0.9500,1.0500
HAR,3,w-reg,0.949417,0.949084,0.0000,0.9500,1.0500
HAR,3,w-reg-nonneg,0.949417,0.949084,0.0000,0.9500,1.0500
HAR,3,full,0.946436,0.946368,0.0000,1.0000,1.0000
HAR,3,w-affine,0.946436,0.946368,0.0000,1.0000,1.0000
HAR,4,none,0.956571,0.956551,0.0000,1.0000,1.0000
HAR,4,w-plain,0.955755,0.955872,0.0000,0.9500,1.0500
HAR,4,w-nonneg,0.955755,0.955872,0.0000,0.9500,1.0500
HAR,4,w-reg,0.955755,0.955872,0.0000,0.9500,1.0500
HAR,4,w-reg-nonneg,0.955755,0.955872,0.0000,0.9500,1.0500
HAR,4,full,0.956571,0.956551,0.0000,1.0000,1.0000
HAR,4,w-affine,0.961999,0.961982,0.0000,0.3678,1.6255
Bank,0,none,0.707731,0.843051,0.0000,1.0000,1.0000
Bank,0,w-plain,0.699719,0.895426,0.1373,-3.0158,4.9899
Bank,0,w-nonneg,0.717278,0.888260,0.0000,0.1372,1.8443
Bank,0,w-reg,0.673501,0.885783,0.3922,-0.4233,1.3727
Bank,0,w-reg-nonneg,0.698829,0.892329,0.2353,0.0000,1.2042
Bank,0,full,0.698829,0.892329,0.2353,0.0000,1.2042
Bank,0,w-affine,0.720921,0.884102,0.4118,0.0000,0.9270
Bank,1,none,0.706392,0.866319,0.0000,1.0000,1.0000
Bank,1,w-plain,0.711975,0.867734,0.0784,-0.3369,2.6815
Bank,1,w-nonneg,0.684917,0.891533,0.1373,0.0000,2.5513
Bank,1,w-reg,0.706844,0.878970,0.1373,-0.2966,1.6944
Bank,1,w-reg-nonneg,0.679411,0.883482,0.4510,0.0000,1.1123
Bank,1,full,0.679411,0.883482,0.4510,0.0000,1.1123
Bank,1,w-affine,0.721080,0.882774,0.5294,0.0000,1.4586
Bank,2,none,0.729324,0.886933,0.0000,1.0000,1.0000
Bank,2,w-plain,0.721111,0.891622,0.0784,-1.5958,3.5550
Bank,2,w-nonneg,0.730513,0.889144,0.0000,0.4608,1.5554
Bank,2,w-reg,0.733927,0.885959,0.0000,0.6038,1.2609
Bank,2,w-reg-nonneg,0.733927,0.885959,0.0000,0.6038,1.2609
Bank,2,full,0.733927,0.885959,0.0000,0.6038,1.2609
Bank,2,w-affine,0.711550,0.879236,0.3922,0.0000,1.1611
Bank,3,none,0.726589,0.883217,0.0000,1.0000,1.0000
Bank,3,w-plain,0.672075,0.889941,0.0392,-0.0143,2.1411
Bank,3,w-nonneg,0.677525,0.893214,0.0980,0.0000,3.1341
Bank,3,w-reg,0.640995,0.890560,0.2745,-0.1684,1.2792
Bank,3,w-reg-nonneg,0.693869,0.888348,0.0980,0.0000,1.2508
Bank,3,full,0.693869,0.888348,0.0980,0.0000,1.2508
Bank,3,w-affine,0.684586,0.887640,0.0784,0.0000,1.3090
Bank,4,none,0.722588,0.879766,0.0000,1.0000,1.0000
Bank,4,w-plain,0.727764,0.896134,0.0980,-1.8923,4.7225
Bank,4,w-nonneg,0.694736,0.897018,0.1765,0.0000,12.4637
Bank,4,w-reg,0.719178,0.892506,0.4314,-0.3661,2.6658
Bank,4,w-reg-nonneg,0.679754,0.892241,0.4510,0.0000,2.6320
Bank,4,full,0.679754,0.892241,0.4510,0.0000,2.6320
Bank,4,w-affine,0.696879,0.895868,0.5490,0.0000,1.6389
Adult,0,none,0.790670,0.852334,0.0000,1.0000,1.0000
Adult,0,w-plain,0.785119,0.853563,0.0000,0.4528,1.6382
Adult,0,w-nonneg,0.785119,0.853563,0.0000,0.4528,1.6382
Adult,0,w-reg,0.785715,0.854177,0.6296,-0.0253,2.0974
Adult,0,w-reg-nonneg,0.786698,0.854668,0.6944,0.0000,2.2586
Adult,0,full,0.786698,0.854668,0.6944,0.0000,2.2586
Adult,0,w-affine,0.782071,0.850491,0.6574,0.0000,1.4017
Adult,1,none,0.787853,0.845332,0.0000,1.0000,1.0000
Adult,1,w-plain,0.787880,0.851474,0.0000,0.7590,1.2541
Adult,1,w-nonneg,0.787880,0.851474,0.0000,0.7590,1.2541
Adult,1,w-reg,0.790040,0.853808,0.0000,0.3992,1.3139
Adult,1,w-reg-nonneg,0.790040,0.853808,0.0000,0.3992,1.3139
Adult,1,full,0.790040,0.853808,0.0000,0.3992,1.3139
Adult,1,w-affine,0.786245,0.837346,0.6204,0.0000,1.3474
Adult,2,none,0.794340,0.849877,0.0000,1.0000,1.0000
Adult,2,w-plain,0.788821,0.852703,0.0000,0.7313,1.2839
Adult,2,w-nonneg,0.788821,0.852703,0.0000,0.7313,1.2839
Adult,2,w-reg,0.770646,0.849140,0.7130,-0.0810,2.2212
Adult,2,w-reg-nonneg,0.777462,0.851843,0.6944,0.0000,2.3425
Adult,2,full,0.777462,0.851843,0.6944,0.0000,2.3425
Adult,2,w-affine,0.777799,0.851720,0.5926,0.0000,1.4452
Adult,3,none,0.792569,0.856020,0.0000,1.0000,1.0000
Adult,3,w-plain,0.791738,0.851597,0.1019,-0.3279,2.8073
Adult,3,w-nonneg,0.791396,0.850369,0.1574,0.0000,4.5103
Adult,3,w-reg,0.790383,0.851351,0.6204,-0.1089,1.4780
Adult,3,w-reg-nonneg,0.789192,0.850983,0.6574,0.0000,1.5929
Adult,3,full,0.789192,0.850983,0.6574,0.0000,1.5929
Adult,3,w-affine,0.795522,0.851106,0.6296,0.0000,1.5467
Adult,4,none,0.794036,0.846314,0.0000,1.0000,1.0000
Adult,4,w-plain,0.790793,0.853317,0.0000,0.7165,1.2741
Adult,4,w-nonneg,0.790793,0.853317,0.0000,0.7165,1.2741
Adult,4,w-reg,0.791566,0.853440,0.0000,0.6995,1.2633
Adult,4,w-reg-nonneg,0.791566,0.853440,0.0000,0.6995,1.2633
Adult,4,full,0.791566,0.853440,0.0000,0.6995,1.2633
Adult,4,w-affine,0.788427,0.854300,0.0000,0.6993,1.1397
Satimage,0,none,0.841165,0.869134,0.0000,1.0000,1.0000
Satimage,0,w-plain,0.844301,0.874549,0.0000,0.8999,1.1001
Satimage,0,w-nonneg,0.844301,0.874549,0.0000,0.8999,1.1001
Satimage,0,w-reg,0.850106,0.879061,0.0000,0.7490,1.2506
Satimage,0,w-reg-nonneg,0.850106,0.879061,0.0000,0.7490,1.2506
Satimage,0,full,0.850106,0.879061,0.0000,0.7490,1.2506
Satimage,0,w-affine,0.837085,0.867329,0.0000,0.8501,1.1501
Satimage,1,none,0.857522,0.888087,0.0000,1.0000,1.0000
Satimage,1,w-plain,0.865879,0.891697,0.0000,0.8999,1.1000
Satimage,1,w-nonneg,0.865879,0.891697,0.0000,0.8999,1.1000
Satimage,1,w-reg,0.865879,0.891697,0.0000,0.9000,1.1000
Satimage,1,w-reg-nonneg,0.865879,0.891697,0.0000,0.9000,1.1000
Satimage,1,full,0.865879,0.891697,0.0000,0.9000,1.1000
Satimage,1,w-affine,0.860122,0.882671,0.0000,0.9500,1.0500
Satimage,2,none,0.837918,0.870036,0.0000,1.0000,1.0000
Satimage,2,w-plain,0.836211,0.870939,0.0000,0.5596,1.4429
Satimage,2,w-nonneg,0.836211,0.870939,0.0000,0.5596,1.4429
Satimage,2,w-reg,0.834010,0.870939,0.0000,0.4768,1.5172
Satimage,2,w-reg-nonneg,0.834010,0.870939,0.0000,0.4768,1.5172
Satimage,2,full,0.834010,0.870939,0.0000,0.4768,1.5172
Satimage,2,w-affine,0.824309,0.865523,0.0000,0.4084,1.5286
Satimage,3,none,0.865475,0.884477,0.0000,1.0000,1.0000
Satimage,3,w-plain,0.863379,0.882671,0.0000,0.7507,1.2505
Satimage,3,w-nonneg,0.863379,0.882671,0.0000,0.7507,1.2505
Satimage,3,w-reg,0.859746,0.879964,0.0000,0.7495,1.2486
Satimage,3,w-reg-nonneg,0.859746,0.879964,0.0000,0.7495,1.2486
Satimage,3,full,0.865475,0.884477,0.0000,1.0000,1.0000
Satimage,3,w-affine,0.865475,0.884477,0.0000,1.0000,1.0000
Satimage,4,none,0.830069,0.860108,0.0000,1.0000,1.0000
Satimage,4,w-plain,0.830453,0.862816,0.0000,0.9500,1.0500
Satimage,4,w-nonneg,0.830453,0.862816,0.0000,0.9500,1.0500
Satimage,4,w-reg,0.832227,0.862816,0.0000,0.9500,1.0500
Satimage,4,w-reg-nonneg,0.832227,0.862816,0.0000,0.9500,1.0500
Satimage,4,full,0.830069,0.860108,0.0000,1.0000,1.0000
Satimage,4,w-affine,0.830069,0.860108,0.0000,1.0000,1.0000
Digits,0,none,0.947793,0.948775,0.0000,1.0000,1.0000
Digits,0,w-plain,0.942786,0.944321,0.0000,0.7497,1.2507
Digits,0,w-nonneg,0.942786,0.944321,0.0000,0.7497,1.2507
Digits,0,w-reg,0.942786,0.944321,0.0000,0.7496,1.2507
Digits,0,w-reg-nonneg,0.942786,0.944321,0.0000,0.7496,1.2507
Digits,0,full,0.942786,0.944321,0.0000,0.7496,1.2507
Digits,0,w-affine,0.943671,0.944321,0.0000,0.7498,1.2506
Digits,1,none,0.963719,0.964365,0.0000,1.0000,1.0000
Digits,1,w-plain,0.963637,0.964365,0.0000,0.9500,1.0500
Digits,1,w-nonneg,0.963637,0.964365,0.0000,0.9500,1.0500
Digits,1,w-reg,0.963637,0.964365,0.0000,0.9500,1.0500
Digits,1,w-reg-nonneg,0.963637,0.964365,0.0000,0.9500,1.0500
Digits,1,full,0.963719,0.964365,0.0000,1.0000,1.0000
Digits,1,w-affine,0.963719,0.964365,0.0000,1.0000,1.0000
Digits,2,none,0.956900,0.957684,0.0000,1.0000,1.0000
Digits,2,w-plain,0.959202,0.959911,0.0000,0.9500,1.0500
Digits,2,w-nonneg,0.959202,0.959911,0.0000,0.9500,1.0500
Digits,2,w-reg,0.959202,0.959911,0.0000,0.9500,1.0500
Digits,2,w-reg-nonneg,0.959202,0.959911,0.0000,0.9500,1.0500
Digits,2,full,0.956900,0.957684,0.0000,1.0000,1.0000
Digits,2,w-affine,0.956900,0.957684,0.0000,1.0000,1.0000
Digits,3,none,0.970258,0.971047,0.0000,1.0000,1.0000
Digits,3,w-plain,0.965746,0.966592,0.0000,0.9500,1.0500
Digits,3,w-nonneg,0.965746,0.966592,0.0000,0.9500,1.0500
Digits,3,w-reg,0.967959,0.968820,0.0000,0.9500,1.0500
Digits,3,w-reg-nonneg,0.967959,0.968820,0.0000,0.9500,1.0500
Digits,3,full,0.970258,0.971047,0.0000,1.0000,1.0000
Digits,3,w-affine,0.970258,0.971047,0.0000,1.0000,1.0000
Digits,4,none,0.969991,0.971047,0.0000,1.0000,1.0000
Digits,4,w-plain,0.967794,0.968820,0.0000,0.9500,1.0500
Digits,4,w-nonneg,0.967794,0.968820,0.0000,0.9500,1.0500
Digits,4,w-reg,0.967794,0.968820,0.0000,0.9500,1.0500
Digits,4,w-reg-nonneg,0.967794,0.968820,0.0000,0.9500,1.0500
Digits,4,full,0.969991,0.971047,0.0000,1.0000,1.0000
Digits,4,w-affine,0.969991,0.971047,0.0000,1.0000,1.0000
Spambase,0,none,0.947743,0.950435,0.0000,1.0000,1.0000
Spambase,0,w-plain,0.947699,0.950435,0.0000,0.9500,1.0500
Spambase,0,w-nonneg,0.947699,0.950435,0.0000,0.9500,1.0500
Spambase,0,w-reg,0.949618,0.952174,0.0000,0.7996,1.1949
Spambase,0,w-reg-nonneg,0.949618,0.952174,0.0000,0.7996,1.1949
Spambase,0,full,0.947743,0.950435,0.0000,1.0000,1.0000
Spambase,0,w-affine,0.947743,0.950435,0.0000,1.0000,1.0000
Spambase,1,none,0.915185,0.920000,0.0000,1.0000,1.0000
Spambase,1,w-plain,0.916070,0.920870,0.0000,0.9500,1.0500
Spambase,1,w-nonneg,0.916070,0.920870,0.0000,0.9500,1.0500
Spambase,1,w-reg,0.916956,0.921739,0.0000,0.9500,1.0500
Spambase,1,w-reg-nonneg,0.916956,0.921739,0.0000,0.9500,1.0500
Spambase,1,full,0.915185,0.920000,0.0000,1.0000,1.0000
Spambase,1,w-affine,0.915185,0.920000,0.0000,1.0000,1.0000
Spambase,2,none,0.946892,0.949565,0.0000,1.0000,1.0000
Spambase,2,w-plain,0.944029,0.946957,0.0000,0.5973,1.3965
Spambase,2,w-nonneg,0.944029,0.946957,0.0000,0.5973,1.3965
Spambase,2,w-reg,0.933623,0.937391,0.0000,0.3984,1.5186
Spambase,2,w-reg-nonneg,0.933623,0.937391,0.0000,0.3984,1.5186
Spambase,2,full,0.933623,0.937391,0.0000,0.3984,1.5186
Spambase,2,w-affine,0.933074,0.936522,0.0000,0.2496,1.5476
Spambase,3,none,0.922692,0.926087,0.0000,1.0000,1.0000
Spambase,3,w-plain,0.928094,0.931304,0.0000,0.7994,1.2005
Spambase,3,w-nonneg,0.928094,0.931304,0.0000,0.7994,1.2005
Spambase,3,w-reg,0.924395,0.927826,0.0000,0.2536,1.6741
Spambase,3,w-reg-nonneg,0.924395,0.927826,0.0000,0.2536,1.6741
Spambase,3,full,0.924395,0.927826,0.0000,0.2536,1.6741
Spambase,3,w-affine,0.922692,0.926087,0.0000,1.0000,1.0000
Spambase,4,none,0.947063,0.949565,0.0000,1.0000,1.0000
Spambase,4,w-plain,0.943322,0.946087,0.0000,0.9500,1.0500
Spambase,4,w-nonneg,0.943322,0.946087,0.0000,0.9500,1.0500
Spambase,4,w-reg,0.944259,0.946957,0.0000,0.9500,1.0500
Spambase,4,w-reg-nonneg,0.944259,0.946957,0.0000,0.9500,1.0500
Spambase,4,full,0.947063,0.949565,0.0000,1.0000,1.0000
Spambase,4,w-affine,0.947063,0.949565,0.0000,1.0000,1.0000
Credit-g,0,none,0.565919,0.716000,0.0000,1.0000,1.0000
Credit-g,0,w-plain,0.511435,0.624000,0.0000,0.1071,1.9702
Credit-g,0,w-nonneg,0.511435,0.624000,0.0000,0.1071,1.9702
Credit-g,0,w-reg,0.506766,0.604000,0.0000,0.0825,1.7732
Credit-g,0,w-reg-nonneg,0.506766,0.604000,0.0000,0.0825,1.7732
Credit-g,0,full,0.506766,0.604000,0.0000,0.0825,1.7732
Credit-g,0,w-affine,0.473231,0.648000,0.0845,0.0000,1.8211
Credit-g,1,none,0.406176,0.684000,0.0000,1.0000,1.0000
Credit-g,1,w-plain,0.502506,0.684000,0.0000,0.1385,1.8568
Credit-g,1,w-nonneg,0.502506,0.684000,0.0000,0.1385,1.8568
Credit-g,1,w-reg,0.512500,0.688000,0.0000,0.1423,1.8497
Credit-g,1,w-reg-nonneg,0.512500,0.688000,0.0000,0.1423,1.8497
Credit-g,1,full,0.512500,0.688000,0.0000,0.1423,1.8497
Credit-g,1,w-affine,0.457995,0.680000,0.0000,0.3978,1.5997
Credit-g,2,none,0.450419,0.480000,0.0000,1.0000,1.0000
Credit-g,2,w-plain,0.485714,0.568000,0.0000,0.8498,1.1502
Credit-g,2,w-nonneg,0.485714,0.568000,0.0000,0.8498,1.1502
Credit-g,2,w-reg,0.485714,0.568000,0.0000,0.8498,1.1501
Credit-g,2,w-reg-nonneg,0.485714,0.568000,0.0000,0.8498,1.1501
Credit-g,2,full,0.485714,0.568000,0.0000,0.8498,1.1501
Credit-g,2,w-affine,0.538305,0.636000,0.1127,0.0365,1.9124
Credit-g,3,none,0.416501,0.680000,0.0000,1.0000,1.0000
Credit-g,3,w-plain,0.526729,0.548000,0.0000,0.2985,1.7007
Credit-g,3,w-nonneg,0.526729,0.548000,0.0000,0.2985,1.7007
Credit-g,3,w-reg,0.542977,0.572000,0.0000,0.1736,1.7250
Credit-g,3,w-reg-nonneg,0.542977,0.572000,0.0000,0.1736,1.7250
Credit-g,3,full,0.542977,0.572000,0.0000,0.1736,1.7250
Credit-g,3,w-affine,0.521801,0.572000,0.0000,0.7009,1.3009
Credit-g,4,none,0.406176,0.684000,0.0000,1.0000,1.0000
Credit-g,4,w-plain,0.464286,0.568000,0.0000,0.2348,1.7552
Credit-g,4,w-nonneg,0.464286,0.568000,0.0000,0.2348,1.7552
Credit-g,4,w-reg,0.449516,0.560000,0.0000,0.2321,1.7428
Credit-g,4,w-reg-nonneg,0.449516,0.560000,0.0000,0.2321,1.7428
Credit-g,4,full,0.449516,0.560000,0.0000,0.2321,1.7428
Credit-g,4,w-affine,0.448124,0.472000,0.0000,0.4417,1.5477
WDBC,0,none,0.962940,0.965035,0.0000,1.0000,1.0000
WDBC,0,w-plain,0.962940,0.965035,0.0000,0.9500,1.0500
WDBC,0,w-nonneg,0.962940,0.965035,0.0000,0.9500,1.0500
WDBC,0,w-reg,0.962940,0.965035,0.0000,0.9500,1.0500
WDBC,0,w-reg-nonneg,0.962940,0.965035,0.0000,0.9500,1.0500
WDBC,0,full,0.962940,0.965035,0.0000,1.0000,1.0000
WDBC,0,w-affine,0.962940,0.965035,0.0000,1.0000,1.0000
WDBC,1,none,0.884135,0.895105,0.0000,1.0000,1.0000
WDBC,1,w-plain,0.885202,0.895105,0.0000,0.9500,1.0500
WDBC,1,w-nonneg,0.885202,0.895105,0.0000,0.9500,1.0500
WDBC,1,w-reg,0.885202,0.895105,0.0000,0.9500,1.0500
WDBC,1,w-reg-nonneg,0.885202,0.895105,0.0000,0.9500,1.0500
WDBC,1,full,0.884135,0.895105,0.0000,1.0000,1.0000
WDBC,1,w-affine,0.884135,0.895105,0.0000,1.0000,1.0000
WDBC,2,none,0.890276,0.895105,0.0000,1.0000,1.0000
WDBC,2,w-plain,0.897270,0.902098,0.0000,0.9500,1.0500
WDBC,2,w-nonneg,0.897270,0.902098,0.0000,0.9500,1.0500
WDBC,2,w-reg,0.897270,0.902098,0.0000,0.9500,1.0500
WDBC,2,w-reg-nonneg,0.897270,0.902098,0.0000,0.9500,1.0500
WDBC,2,full,0.890276,0.895105,0.0000,1.0000,1.0000
WDBC,2,w-affine,0.890276,0.895105,0.0000,1.0000,1.0000
WDBC,3,none,0.954670,0.958042,0.0000,1.0000,1.0000
WDBC,3,w-plain,0.955031,0.958042,0.0000,0.9500,1.0500
WDBC,3,w-nonneg,0.955031,0.958042,0.0000,0.9500,1.0500
WDBC,3,w-reg,0.955031,0.958042,0.0000,0.9500,1.0500
WDBC,3,w-reg-nonneg,0.955031,0.958042,0.0000,0.9500,1.0500
WDBC,3,full,0.954670,0.958042,0.0000,1.0000,1.0000
WDBC,3,w-affine,0.954670,0.958042,0.0000,1.0000,1.0000
WDBC,4,none,0.940491,0.944056,0.0000,1.0000,1.0000
WDBC,4,w-plain,0.933292,0.937063,0.0000,0.9500,1.0500
WDBC,4,w-nonneg,0.933292,0.937063,0.0000,0.9500,1.0500
WDBC,4,w-reg,0.933292,0.937063,0.0000,0.9500,1.0500
WDBC,4,w-reg-nonneg,0.933292,0.937063,0.0000,0.9500,1.0500
WDBC,4,full,0.940491,0.944056,0.0000,1.0000,1.0000
WDBC,4,w-affine,0.940491,0.944056,0.0000,1.0000,1.0000
Heart,0,none,0.807246,0.815789,0.0000,1.0000,1.0000
Heart,0,w-plain,0.807246,0.815789,0.0000,0.9500,1.0500
Heart,0,w-nonneg,0.807246,0.815789,0.0000,0.9500,1.0500
Heart,0,w-reg,0.807246,0.815789,0.0000,0.9500,1.0500
Heart,0,w-reg-nonneg,0.807246,0.815789,0.0000,0.9500,1.0500
Heart,0,full,0.807246,0.815789,0.0000,1.0000,1.0000
Heart,0,w-affine,0.807246,0.815789,0.0000,1.0000,1.0000
Heart,1,none,0.822014,0.828947,0.0000,1.0000,1.0000
Heart,1,w-plain,0.822014,0.828947,0.0000,0.9500,1.0500
Heart,1,w-nonneg,0.822014,0.828947,0.0000,0.9500,1.0500
Heart,1,w-reg,0.822014,0.828947,0.0000,0.9500,1.0500
Heart,1,w-reg-nonneg,0.822014,0.828947,0.0000,0.9500,1.0500
Heart,1,full,0.822014,0.828947,0.0000,1.0000,1.0000
Heart,1,w-affine,0.822014,0.828947,0.0000,1.0000,1.0000
Heart,2,none,0.746444,0.750000,0.0000,1.0000,1.0000
Heart,2,w-plain,0.771530,0.776316,0.0000,0.8499,1.1502
Heart,2,w-nonneg,0.771530,0.776316,0.0000,0.8499,1.1502
Heart,2,w-reg,0.771530,0.776316,0.0000,0.8499,1.1502
Heart,2,w-reg-nonneg,0.771530,0.776316,0.0000,0.8499,1.1502
Heart,2,full,0.771530,0.776316,0.0000,0.8499,1.1502
Heart,2,w-affine,0.834783,0.842105,0.0000,0.5500,1.4442
Heart,3,none,0.684211,0.684211,0.0000,1.0000,1.0000
Heart,3,w-plain,0.762994,0.763158,0.0400,0.0338,1.9892
Heart,3,w-nonneg,0.762994,0.763158,0.0400,0.0338,1.9892
Heart,3,w-reg,0.763158,0.763158,0.2400,-0.0499,1.9866
Heart,3,w-reg-nonneg,0.763158,0.763158,0.2400,0.0000,1.9866
Heart,3,full,0.684211,0.684211,0.0000,1.0000,1.0000
Heart,3,w-affine,0.684211,0.684211,0.0000,1.0000,1.0000
Heart,4,none,0.632440,0.657895,0.0000,1.0000,1.0000
Heart,4,w-plain,0.649123,0.671053,0.0000,0.9500,1.0500
Heart,4,w-nonneg,0.649123,0.671053,0.0000,0.9500,1.0500
Heart,4,w-reg,0.649123,0.671053,0.0000,0.9500,1.0500
Heart,4,w-reg-nonneg,0.649123,0.671053,0.0000,0.9500,1.0500
Heart,4,full,0.632440,0.657895,0.0000,1.0000,1.0000
Heart,4,w-affine,0.649148,0.657895,0.0000,0.8499,1.1484
